boardId,studyType,topicTask
o9J_lwMyp0I=,Sidebar,COVID-19
o9J_lwT0kWk=,On Board,Space Travel
o9J_lwT45Gc=,On Board,COVID-19
o9J_lwT45UE=,Sidebar,COVID-19
o9J_lwTEkh4=,Sidebar,COVID-19
o9J_lwTEnSI=,On Board,Space Travel
o9J_lwTEnZk=,Sidebar,COVID-19
o9J_lwTHmNo=,Sidebar,COVID-19
o9J_lwTHmtQ=,Sidebar,Space Travel
o9J_lwhnitY=,Sidebar,COVID-19
o9J_lwi6_1c=,On Board,COVID-19
o9J_lwj9wsM=,On Board,COVID-19
o9J_lwrV0RU=,Sidebar,Space Travel
o9J_lwrV0Y8=,On Board,Space Travel
o9J_lwrV0c8=,Sidebar,COVID-19
o9J_lwt44k0=,On Board,Space Travel
o9J_lwtLWiA=,Sidebar,Space Travel
o9J_lwtLWq0=,On Board,Space Travel
o9J_lwtLZY8=,On Board,COVID-19
o9J_lx2--OQ=,On Board,Space Travel
o9J_lxP9EsE=,Sidebar,Space Travel
o9J_lxPFjOs=,On Board,Space Travel
o9J_lxTWUZI=,On Board,Space Travel
o9J_ly0SnkM=,Sidebar,COVID-19
o9J_ly0Snnk=,Sidebar,Space Travel
o9J_ly0SnuI=,On Board,COVID-19
o9J_lyGIeLY=,On Board,COVID-19
o9J_lyGIfks=,Sidebar,COVID-19
o9J_lyGIfzA=,Sidebar,Space Travel
o9J_lyYiAJ0=,Sidebar,COVID-19
o9J_lyYiALM=,On Board,Space Travel
o9J_lyYiALg=,On Board,Space Travel
o9J_lzYgHyw=,Sidebar,Space Travel
o9J_lzYurAk=,On Board,COVID-19
