boardId,suggId,timestamp,suggestionText,type,grouping,studyType,topicTask,opened,suggestionsQueried
o9J_lwMyp0I=,-Mjo_uQnOs8hdm3FxbGP,2021-09-17 16:29:44.498018,Air pollution,Topic Task,Topic Task,Sidebar,COVID-19,1,0
o9J_lwMyp0I=,-Mjo_uUBgU7c-MvPx2kr,2021-09-17 16:29:44.498018,Water pollution,Topic Task,Topic Task,Sidebar,COVID-19,1,0
o9J_lwMyp0I=,-Mjoa-FWV4kpkvXffuJR,2021-09-17 16:30:02.447888,Biomedical waste,Topic Task,Topic Task,Sidebar,COVID-19,1,0
o9J_lwMyp0I=,-Mjoa7QcA--nJs3MiakT,2021-09-17 16:30:41.832738,Transportation,Topic Task,Topic Task,Sidebar,COVID-19,1,0
o9J_lwMyp0I=,-MjoaaeENSmtjjus5yQc,2021-09-17 16:32:45.647596,Bike sales,Note,Note,Sidebar,COVID-19,1,0
o9J_lwMyp0I=,-Mjoau1zBYbZbZ0Cy1AE,2021-09-17 16:34:05.052681,Recycling Programs,Note,Note,Sidebar,COVID-19,1,0
o9J_lwMyp0I=,-Mjoau5_uFRdlsTMOvZ7,2021-09-17 16:34:05.052681,Waste management policies,Note,Note,Sidebar,COVID-19,1,1
o9J_lwMyp0I=,-Mjoau8x-khE_zff78Gq,2021-09-17 16:34:05.052681,Essential waste workers,Note,Note,Sidebar,COVID-19,1,0
o9J_lwMyp0I=,-Mjob7jYPAcmNispr5Fj,2021-09-17 16:35:05.249620,Municipal solid waste,Note,Note,Sidebar,COVID-19,1,0
o9J_lwMyp0I=,-MjocIYIEyAetA2MqBOu,2021-09-17 16:40:11.664599,Psychological disorders,Note,Note,Sidebar,COVID-19,1,0
o9J_lwMyp0I=,-MjoclJ7UwbO8x3GMiXV,2021-09-17 16:42:13.584968,Ozone increase,Line,Line,Sidebar,COVID-19,1,0
o9J_lwMyp0I=,-MjoclMx1TuM7hwwocOX,2021-09-17 16:42:13.584968,NO2,Line,Line,Sidebar,COVID-19,1,0
o9J_lwMyp0I=,-MjoclQapZvOgdZFcabe,2021-09-17 16:42:13.584968,CO2,Line,Line,Sidebar,COVID-19,1,0
o9J_lwMyp0I=,-Mjod_XZJMrLf-Uo-qLr,2021-09-17 16:45:47.494658,Environmental racism,Note,Note,Sidebar,COVID-19,1,1
o9J_lwMyp0I=,-Mjodo3FqgCMxepZqpNi,2021-09-17 16:46:46.998435,Post-covid Green Recovery,Note,Note,Sidebar,COVID-19,1,1
o9J_lwMyp0I=,-MjofGSbskdv6-k7V5rn,2021-09-17 16:53:09.539926,Fossil fuel,Note,Note,Sidebar,COVID-19,1,0
o9J_lwMyp0I=,-MjofGWFiatNzqaNiDw2,2021-09-17 16:53:09.539926,Global energy demand,Note,Note,Sidebar,COVID-19,1,0
o9J_lwMyp0I=,-MjogNgkevsvKvyX6Sw1,2021-09-17 16:58:01.323517,Indigenous tourism,Note,Note,Sidebar,COVID-19,1,0
o9J_lwMyp0I=,-Mjoh6h517O-12-GNsGf,2021-09-17 17:01:13.867017,Vaccine transportation,Topic Task,Topic Task,Sidebar,COVID-19,1,1
o9J_lwMyp0I=,-Mjoh6k_xdub1v5Wu1v2,2021-09-17 17:01:13.867017,Cold chain,Topic Task,Topic Task,Sidebar,COVID-19,1,0
o9J_lwMyp0I=,-Mjoh9OUisHVCYyHx3Q9,2021-09-17 17:01:24.900157,Deforestation,Topic Task,Topic Task,Sidebar,COVID-19,1,0
o9J_lwMyp0I=,-MjohJjW7-lXY-BOcGZW,2021-09-17 17:02:07.269751,Marine ecosystems,Note,Note,Sidebar,COVID-19,1,0
o9J_lwMyp0I=,-MjohaemdOX6o9dB68ZA,2021-09-17 17:03:20.697071,Business Act on Climate Pledge,Note,Note,Sidebar,COVID-19,1,1
o9J_lwMyp0I=,-MjohpR9SMofNqZspQ91,2021-09-17 17:04:21.203419,Wildlife biodiversity,Topic Task,Topic Task,Sidebar,COVID-19,1,0
o9J_lwMyp0I=,-Mjoi6iVLbJ6qDwy9vXQ,2021-09-17 17:05:36.114690,Social isolation and loneliness,Note,Note,Sidebar,COVID-19,1,0
o9J_lwMyp0I=,-MjoiHt5fHtGz8IvHaPA,2021-09-17 17:06:21.851694,Ecotourism,Topic Task,Topic Task,Sidebar,COVID-19,1,0
o9J_lwT0kWk=,-MjpHkNb56ZW92drICVk,2021-09-17 19:45:39.838917,SpaceX,Note,Note,On Board,Space Travel,1,0
o9J_lwT0kWk=,-MjpHkRrDYtuULj--y9_,2021-09-17 19:45:39.838917,Virgin Galactic,Note,Note,On Board,Space Travel,1,1
o9J_lwT0kWk=,-MjpHkY45QFP50XURhIB,2021-09-17 19:45:39.838917,Blue Origin,Note,Note,On Board,Space Travel,1,0
o9J_lwT0kWk=,-MjpIEPySkVuMU5_L87E,2021-09-17 19:47:46.952207,NASA's budget peaked during Apollo program,Note,Note,On Board,Space Travel,1,0
o9J_lwT0kWk=,-MjpIllBsjyuJ_TyWLoB,2021-09-17 19:50:07.648165,Russian Federal Space Agency (Roskosmos),Note,Note,On Board,Space Travel,1,0
o9J_lwT0kWk=,-MjpIlodbd5w0WLLi8mP,2021-09-17 19:50:07.648165,International Space Station,Note,Note,On Board,Space Travel,1,0
o9J_lwT0kWk=,-MjpIlsAZO-Uo3D6OyEj,2021-09-17 19:50:07.648165,China's Tiangong space station,Note,Note,On Board,Space Travel,1,0
o9J_lwT0kWk=,-MjpJL6hrix6c4ikbqcA,2021-09-17 19:52:36.541880,Moon Race,Note,Note,On Board,Space Travel,1,0
o9J_lwT0kWk=,-MjpK79eCnJ_FN4y6JFo,2021-09-17 19:56:01.534923,Sub-orbital space tourism,Note,Note,On Board,Space Travel,1,1
o9J_lwT0kWk=,-MjpKUjFyrbmHVU1MCg9,2021-09-17 19:57:38.077856,Billionaire space race,Line,Line,On Board,Space Travel,1,1
o9J_lwT0kWk=,-MjpLNzUbe93hoUvzugx,2021-09-17 20:01:32.580492,Outer Space Treaty,Note,Note,On Board,Space Travel,1,1
o9J_lwT0kWk=,-MjpLUWsAYQ1hevRXrGt,2021-09-17 20:01:59.377991,Climate change rocket emissions,Note,Note,On Board,Space Travel,1,0
o9J_lwT0kWk=,-MjpLU_O4EeH0VD4Q6we,2021-09-17 20:01:59.377991,Space economy,Note,Note,On Board,Space Travel,1,0
o9J_lwT0kWk=,-MjpN8VuQv3qCTDws9D_,2021-09-17 20:09:13.483618,Outer Space Treaty,Note,Note,On Board,Space Travel,1,1
o9J_lwT0kWk=,-MjpNXdWdGV9uKwbQH21,2021-09-17 20:10:56.417031,Space-based solar power,Note,Note,On Board,Space Travel,1,0
o9J_lwT0kWk=,-MjpNkl3zFQaaamFqy6M,2021-09-17 20:11:54.266761,Space hotels,Note,Note,On Board,Space Travel,1,0
o9J_lwT0kWk=,-MjpO5uMpYMjXMBf3Z2s,2021-09-17 20:13:24.972632,Space safety,Note,Note,On Board,Space Travel,1,0
o9J_lwT0kWk=,-MjpOB7-2KqJ9KJQPwBU,2021-09-17 20:13:46.321660,SpaceX resusable rocket development,Note,Note,On Board,Space Travel,1,0
o9J_lwT0kWk=,-MjpPMcB99xTWollsvWR,2021-09-17 20:18:55.590550,The Wolf Amendment,Note,Note,On Board,Space Travel,1,0
o9J_lwT0kWk=,-MjpR34NZfkX-mehdzC1,2021-09-17 20:26:19.826091,Aurora Station,Note,Note,On Board,Space Travel,0,0
o9J_lwT0kWk=,-MjpR38SZQAwQkxvNHWr,2021-09-17 20:26:19.826091,Bigelow Aerospace,Note,Note,On Board,Space Travel,0,0
o9J_lwT0kWk=,-MjpRHVBf0gf969UJkpm,2021-09-17 20:27:18.884530,Space industry,Note,Note,On Board,Space Travel,0,0
o9J_lwT45Gc=,-MjzMRtCYI3IQ3qDZeAA,2021-09-19 18:42:22.868095,Road-killing,Note,Note,On Board,COVID-19,1,1
o9J_lwT45Gc=,-MjzMRwzb9EnOh6YwdvK,2021-09-19 18:42:22.868095,Tourism,Note,Note,On Board,COVID-19,1,1
o9J_lwT45Gc=,-MjzMS-SU5ON7WNatE1f,2021-09-19 18:42:22.868095,Biomedical waste,Note,Note,On Board,COVID-19,1,1
o9J_lwT45Gc=,-MjzMaaDnxQ--OzRjJNw,2021-09-19 18:43:02.610280,Air pollution ozone spikes,Note,Note,On Board,COVID-19,1,1
o9J_lwT45Gc=,-MjzMadvQT0JG8w_GuHx,2021-09-19 18:43:02.610280,Air pollution CO2,Note,Note,On Board,COVID-19,1,1
o9J_lwT45Gc=,-MjzMgqSyM1mY_t_th6V,2021-09-19 18:43:28.241854,noise pollution,Note,Note,On Board,COVID-19,1,1
o9J_lwT45Gc=,-MjzMgu5v-CCPklURnRp,2021-09-19 18:43:28.241854,Plastic pollution,Note,Note,On Board,COVID-19,1,1
o9J_lwT45Gc=,-MjzS81iB8lGhbYT5vgG,2021-09-19 19:07:14.445436,Manufacturing and food industry,Note,Note,On Board,COVID-19,1,1
o9J_lwT45Gc=,-MjzS85IvdByHxzBG68H,2021-09-19 19:07:14.445436,E-commerce,Note,Note,On Board,COVID-19,1,1
o9J_lwT45Gc=,-MjzS88jy3x1jtsF_2px,2021-09-19 19:07:14.445436,Wildlife conservation and management,Note,Note,On Board,COVID-19,1,1
o9J_lwT45Gc=,-MjzSNVi8iyj8eNMfA2D,2021-09-19 19:08:17.806073,Business Act On Climate Pledge,Note,Note,On Board,COVID-19,1,1
o9J_lwT45Gc=,-MjzSNZFcI6SCrVOizkR,2021-09-19 19:08:17.806073,Paris Agreement,Note,Note,On Board,COVID-19,1,0
o9J_lwT45Gc=,-MjzS_6jmZSM-YUED9SG,2021-09-19 19:09:09.442605,Decreased transport,Cross-Pollination,Line,On Board,COVID-19,1,0
o9J_lwT45Gc=,-MjzS_AgZMWsjkQC2Esl,2021-09-19 19:09:09.442605,Ecotourism,Cross-Pollination,Line,On Board,COVID-19,1,1
o9J_lwT45Gc=,-MjzTy3_1nYqoLLAfJRU,2021-09-19 19:15:13.788954,Greenhouse gas levels,Cross-Pollination,Line,On Board,COVID-19,1,1
o9J_lwT45Gc=,-MjzTy7Z1JUboCfwTgES,2021-09-19 19:15:13.788954,Post-covid Green Recovery,Cross-Pollination,Line,On Board,COVID-19,1,1
o9J_lwT45UE=,-Mk3WwtZYG-icTAqT7ww,2021-09-20 18:46:21.512884,Air pollution,Cluster Title,Cluster,Sidebar,COVID-19,1,0
o9J_lwT45UE=,-Mk3Wwxzx10NskVOsG7I,2021-09-20 18:46:21.512884,Greenhouse gas levels,Cluster Title,Cluster,Sidebar,COVID-19,1,0
o9J_lwT45UE=,-Mk3Wx0PcOep7cCcv4x3,2021-09-20 18:46:21.512884,Post-covid Green Recovery,Cluster Title,Cluster,Sidebar,COVID-19,1,0
o9J_lwT45UE=,-Mk3XHUUjCSSvWwMzO_l,2021-09-20 18:47:49.958770,Packaging industry,Cluster Title,Cluster,Sidebar,COVID-19,1,0
o9J_lwT45UE=,-Mk3XHXuiV8PAB4GYGNB,2021-09-20 18:47:49.958770,E-commerce,Cluster Title,Cluster,Sidebar,COVID-19,1,1
o9J_lwT45UE=,-Mk3XHaGiGb6kzZ4arzk,2021-09-20 18:47:49.958770,Food and dinning industry,Cluster Title,Cluster,Sidebar,COVID-19,1,1
o9J_lwT45UE=,-Mk3XZdJPD0xjSXWerOz,2021-09-20 18:49:04.314194,Illegal killing/poaching of wildlife,Note,Note,Sidebar,COVID-19,1,1
o9J_lwT45UE=,-Mk3XZh6FNsNWJQ14YTd,2021-09-20 18:49:04.314194,Bike sales,Note,Note,Sidebar,COVID-19,1,0
o9J_lwT45UE=,-Mk3XZkMRqFkt_GHyagm,2021-09-20 18:49:04.314194,Regulations,Note,Note,Sidebar,COVID-19,1,0
o9J_lwT45UE=,-Mk3XySMb9bo0DGgCoke,2021-09-20 18:50:50.038217,Indigenous people,Note,Note,Sidebar,COVID-19,1,0
o9J_lwT45UE=,-Mk3Yc8gV4QS3PQFryEF,2021-09-20 18:53:40.818288,Carbon inequality,Cross-Pollination,Line,Sidebar,COVID-19,1,0
o9J_lwT45UE=,-Mk3YcC1xN-S-4XJIe4H,2021-09-20 18:53:40.818288,Post-covid Green Recovery,Cross-Pollination,Line,Sidebar,COVID-19,1,0
o9J_lwTEkh4=,-Mk5W7Dfd5GEwF_Ep2J4,2021-09-21 04:02:00.120176,Wildlife conservation and management,Note,Note,Sidebar,COVID-19,1,1
o9J_lwTEkh4=,-Mk5W7J4jGxhTbFXXfVl,2021-09-21 04:02:00.120176,Biomedical waste,Note,Note,Sidebar,COVID-19,1,1
o9J_lwTEkh4=,-Mk5WHH_w75uLcG8rh7_,2021-09-21 04:02:41.398165,Air pollution,Note,Note,Sidebar,COVID-19,1,1
o9J_lwTEkh4=,-Mk5WHL8x62RGU7MsbOI,2021-09-21 04:02:41.398165,Noise pollution,Note,Note,Sidebar,COVID-19,1,1
o9J_lwTEkh4=,-Mk5WHOLobdqZq0itxXh,2021-09-21 04:02:41.398165,Water pollution,Note,Note,Sidebar,COVID-19,1,1
o9J_lwTEkh4=,-Mk5XjuzFOirzVCzZ82q,2021-09-21 04:09:04.924006,Air pollution ozone spikes,Note,Note,Sidebar,COVID-19,0,0
o9J_lwTEkh4=,-Mk5XjyUQ9F1PwnVonXw,2021-09-21 04:09:04.924006,Air pollution NO2,Note,Note,Sidebar,COVID-19,0,0
o9J_lwTEkh4=,-Mk5Xk0iL3mieSb0nK01,2021-09-21 04:09:04.924006,Invasive alien species,Note,Note,Sidebar,COVID-19,0,0
o9J_lwTEkh4=,-Mk5eQCnlXDC1hJ2gKCG,2021-09-21 04:42:37.272002,Construction industry,Note,Note,Sidebar,COVID-19,0,0
o9J_lwTEkh4=,-Mk5eQG3fmOUMhFWLqdP,2021-09-21 04:42:37.272002,Bike sales,Note,Note,Sidebar,COVID-19,0,0
o9J_lwTEkh4=,-Mk5eQJYZOukh5kC5nzp,2021-09-21 04:42:37.272002,Heritage conservation,Note,Note,Sidebar,COVID-19,0,0
o9J_lwTEnSI=,-Mk4G5abACOqj6PeKzts,2021-09-20 22:12:22.007034,Space stations,Note,Note,On Board,Space Travel,1,1
o9J_lwTEnSI=,-Mk4G5eGU2MdR5KoZKda,2021-09-20 22:12:22.007034,NASA's Commerical Crew Program,Note,Note,On Board,Space Travel,1,0
o9J_lwTEnSI=,-Mk4G5hrXTlKj29wUChf,2021-09-20 22:12:22.007034,2015 SPACE Act,Note,Note,On Board,Space Travel,1,1
o9J_lwTEnSI=,-Mk4GjT4rzIc2l8SA0nm,2021-09-20 22:15:09.398521,Soviet space station Salyutxz,Note,Note,On Board,Space Travel,1,0
o9J_lwTEnSI=,-Mk4GjWipGoweSC98LI0,2021-09-20 22:15:09.398521,Satellite communication weather surveillance,Note,Note,On Board,Space Travel,1,0
o9J_lwTEnSI=,-Mk4GtBLRjl0kyhE_egf,2021-09-20 22:15:49.222959,Space X reusable rocket development,Note,Note,On Board,Space Travel,1,1
o9J_lwTEnSI=,-Mk4H2QABbQxtddO8nwE,2021-09-20 22:16:31.125260,Commtttee on the Peaceful Uses of Outer Space,Line,Line,On Board,Space Travel,1,1
o9J_lwTEnSI=,-Mk4H2TmBM8L_QUMsj0g,2021-09-20 22:16:31.125260,International space agencies with commercial purposes,Line,Line,On Board,Space Travel,1,1
o9J_lwTEnSI=,-Mk4IBzNHIFV-vsff-Qi,2021-09-20 22:21:32.465940,Outer Space Treaty,Note,Note,On Board,Space Travel,1,1
o9J_lwTEnSI=,-Mk4IKO_NBYtUCdje4Wr,2021-09-20 22:22:06.898291,Climate Change rocket emissions,Note,Note,On Board,Space Travel,1,1
o9J_lwTEnSI=,-Mk4IwqfNVfvdQv8VL_H,2021-09-20 22:24:48.519082,Space hotels,Cluster Title,Cluster,On Board,Space Travel,1,1
o9J_lwTEnSI=,-Mk4K3D8TcIcIDex_PTf,2021-09-20 22:29:40.824346,International Lunar Research Station,Note,Note,On Board,Space Travel,1,1
o9J_lwTEnSI=,-Mk4K3GqQjXAeJoXOZK7,2021-09-20 22:29:40.824346,Space-based solar power,Note,Note,On Board,Space Travel,1,0
o9J_lwTEnSI=,-Mk4K3KSsktUUJhFzpZC,2021-09-20 22:29:40.824346,Artemis Program Lunar economy,Note,Note,On Board,Space Travel,1,0
o9J_lwTEnSI=,-Mk4LOOzpf5JgAMJ1hxP,2021-09-20 22:35:29.738594,International space alliance,Note,Note,On Board,Space Travel,1,1
o9J_lwTEnSI=,-Mk4LOSUkHNisHtUkxJZ,2021-09-20 22:35:29.738594,The Wolf Amendment,Note,Note,On Board,Space Travel,1,1
o9J_lwTEnSI=,-Mk4MY3hC4zWMYAdztCU,2021-09-20 22:40:31.476347,China Aerospace Science and Technology Corportation,Note,Note,On Board,Space Travel,1,1
o9J_lwTEnSI=,-Mk4MY7Uw0FW3JK0E6Vy,2021-09-20 22:40:31.476347,Soviet Union,Note,Note,On Board,Space Travel,1,0
o9J_lwTEnSI=,-Mk4NDMemnxolFbQpXZd,2021-09-20 22:43:28.831524,Asteroid mining,Note,Note,On Board,Space Travel,1,1
o9J_lwTEnSI=,-Mk4NYiaKKsx9uFcPlYA,2021-09-20 22:44:56.308949,Aurora Station,Cluster Title,Cluster,On Board,Space Travel,1,0
o9J_lwTEnSI=,-Mk4NcQveC4YfLrzdvsy,2021-09-20 22:45:15.604643,U.S. Commercial Space Launch Competitiveness Act,Cluster Title,Cluster,On Board,Space Travel,1,0
o9J_lwTEnZk=,-Mk5HdkO3eZEw7tm_1kd,2021-09-21 02:58:45.363172,Wildlife conservation and management,Note,Note,Sidebar,COVID-19,1,1
o9J_lwTEnZk=,-Mk5HdnePQvQtO50oaAU,2021-09-21 02:58:45.363172,Tourism,Note,Note,Sidebar,COVID-19,1,1
o9J_lwTEnZk=,-Mk5Hdqf-LkvWyyJ1wDk,2021-09-21 02:58:45.363172,Manufacturing and food industry,Note,Note,Sidebar,COVID-19,1,0
o9J_lwTEnZk=,-Mk5HkqpbXrDsr98m9V1,2021-09-21 02:59:14.448315,E-commerce,Note,Note,Sidebar,COVID-19,1,1
o9J_lwTEnZk=,-Mk5HkuGUqbabdv0GUs4,2021-09-21 02:59:14.448315,Biomedical waste,Note,Note,Sidebar,COVID-19,1,0
o9J_lwTEnZk=,-Mk5JP0HGwqoajsTl_Cm,2021-09-21 03:06:25.169125,Soil pollution,Cluster Title,Cluster,Sidebar,COVID-19,1,0
o9J_lwTEnZk=,-Mk5JP3csC-grYU0zb53,2021-09-21 03:06:25.169125,Soap discharge,Cluster Title,Cluster,Sidebar,COVID-19,1,0
o9J_lwTEnZk=,-Mk5JTUpsPPA4qjZ7YKT,2021-09-21 03:06:43.535170,Road-killing,Cluster Title,Cluster,Sidebar,COVID-19,1,0
o9J_lwTEnZk=,-Mk5Jaq8GqRvUTaymNmt,2021-09-21 03:07:17.719685,Illegal killing/poaching of wildlife,Cluster Title,Cluster,Sidebar,COVID-19,1,0
o9J_lwTEnZk=,-Mk5Jb0IxxGuNDzcjTzg,2021-09-21 03:07:17.719685,Heritage conservation,Cluster Title,Cluster,Sidebar,COVID-19,1,0
o9J_lwTEnZk=,-Mk5Jns1Vu1diIysWpoD,2021-09-21 03:08:11.082079,Carbon emissions of the rich,Cross-Pollination,Line,Sidebar,COVID-19,1,0
o9J_lwTEnZk=,-Mk5Juh97xdoauHr7Go-,2021-09-21 03:08:39.064330,Business Act On Climate Pledge,Cluster Title,Cluster,Sidebar,COVID-19,1,0
o9J_lwTEnZk=,-Mk5K0Vi0bOjZoDVPxG0,2021-09-21 03:09:06.935419,Business Act on Climate Pledge,Cluster Title,Cluster,Sidebar,COVID-19,1,1
o9J_lwTEnZk=,-Mk5K1So_20_VqKk07Hb,2021-09-21 03:09:10.851082,Business Act on Climate Pledge,Cluster Title,Cluster,Sidebar,COVID-19,1,1
o9J_lwTEnZk=,-Mk5Kz5jzprbgmSwEWRq,2021-09-21 03:13:19.229125,Post-covid Green Recovery,Cluster Title,Cluster,Sidebar,COVID-19,1,0
o9J_lwTEnZk=,-Mk5M4nFFn0GfEArcrPV,2021-09-21 03:18:08.781341,Ecotourism,Note,Note,Sidebar,COVID-19,0,0
o9J_lwTEnZk=,-Mk5M4r5IZelvIMdoDgE,2021-09-21 03:18:08.781341,National Parks Service,Note,Note,Sidebar,COVID-19,0,0
o9J_lwTEnZk=,-Mk5MfktoWmi9oMcxymY,2021-09-21 03:20:44.290310,Cold chain,Note,Note,Sidebar,COVID-19,0,0
o9J_lwTEnZk=,-Mk5NwNdRNp-NPcd6JC-,2021-09-21 03:26:14.511416,Reduced fishing,Cluster Title,Cluster,Sidebar,COVID-19,0,0
o9J_lwTEnZk=,-Mk5NwRDP7h24zFwhOWK,2021-09-21 03:26:14.511416,Invasive alien species,Cluster Title,Cluster,Sidebar,COVID-19,0,0
o9J_lwTHmNo=,-Mk3zy28Sb_XVKz3sMvQ,2021-09-20 20:57:30.525448,Tourism,Note,Note,Sidebar,COVID-19,1,1
o9J_lwTHmNo=,-Mk3zy5pZ8TKleK6-mDb,2021-09-20 20:57:30.525448,E-commerce,Note,Note,Sidebar,COVID-19,1,1
o9J_lwTHmNo=,-Mk3zy9_3RDu1W_-SoGf,2021-09-20 20:57:30.525448,Waste management policies,Note,Note,Sidebar,COVID-19,1,1
o9J_lwTHmNo=,-Mk4-CEQ8BTuij8ErIvz,2021-09-20 20:58:32.756941,Ecotourism,Line,Line,Sidebar,COVID-19,1,1
o9J_lwTHmNo=,-Mk4-TwuMaiolBLgicAR,2021-09-20 20:59:45.298872,Air pollution ozone spikes,Note,Note,Sidebar,COVID-19,1,1
o9J_lwTHmNo=,-Mk4-_NKi8nCU0rDBqBC,2021-09-20 21:00:11.602393,air pollution ozon spikes,Note,Note,Sidebar,COVID-19,0,0
o9J_lwTHmNo=,-Mk4-fAd5dfdVMep8Ckz,2021-09-20 21:00:35.393007,water transport,Line,Line,Sidebar,COVID-19,1,1
o9J_lwTHmNo=,-Mk411GMIPk2P0XSn4mb,2021-09-20 21:06:32.119666,Post-covid Green Recovery,Note,Note,Sidebar,COVID-19,0,0
o9J_lwTHmNo=,-Mk412YYLW2g50TJc5Ph,2021-09-20 21:06:37.375799,Business Act On Climate Pledge,Note,Note,Sidebar,COVID-19,1,1
o9J_lwTHmNo=,-Mk423g6izNQqlzshQO4,2021-09-20 21:11:04.154365,Heritage conservation,Note,Note,Sidebar,COVID-19,1,1
o9J_lwTHmNo=,-Mk423jl0sBhWU9rUR-7,2021-09-20 21:11:04.154365,Indigenous people,Note,Note,Sidebar,COVID-19,0,0
o9J_lwTHmNo=,-Mk435YJtwBEtRHyBSD4,2021-09-20 21:15:33.928531,Invasive alien species,Note,Note,Sidebar,COVID-19,0,0
o9J_lwTHmNo=,-Mk435b0Oj17K4GWcklO,2021-09-20 21:15:33.928531,Biodiversity,Note,Note,Sidebar,COVID-19,0,0
o9J_lwTHmNo=,-Mk43F-YI_t_2LxUe5hk,2021-09-20 21:16:12.667988,invasive alien species,Note,Note,Sidebar,COVID-19,0,0
o9J_lwTHmNo=,-Mk43F3CGp_7ICLL0VBM,2021-09-20 21:16:12.667988,biodiversity,Note,Note,Sidebar,COVID-19,0,0
o9J_lwTHmtQ=,-Mk3nlrwwjK0beSy0P6y,2021-09-20 20:04:14.943527,NASA's Commerical Crew Program,Note,Note,Sidebar,Space Travel,1,0
o9J_lwTHmtQ=,-Mk3nlvlTMktcKg0vk4d,2021-09-20 20:04:14.943527,2015 SPACE Act,Note,Note,Sidebar,Space Travel,1,0
o9J_lwTHmtQ=,-Mk3nlzJkjazYbZ0TaLr,2021-09-20 20:04:14.943527,China Aerospace Science and Technology Corportation,Note,Note,Sidebar,Space Travel,1,0
o9J_lwTHmtQ=,-Mk3nzi_DyAYpgOZgDKs,2021-09-20 20:05:11.693090,Satellite communication homeland defense,Note,Note,Sidebar,Space Travel,1,0
o9J_lwTHmtQ=,-Mk3nzmOmZU6bapV950Q,2021-09-20 20:05:11.693090,Space stations,Note,Note,Sidebar,Space Travel,1,0
o9J_lwTHmtQ=,-Mk3oSR4PulCLeSo1ZpW,2021-09-20 20:07:13.386852,U.S. Commercial Space Launch Competitiveness Act,Note,Note,Sidebar,Space Travel,1,0
o9J_lwTHmtQ=,-Mk3oSUjMoQIeSiCdjWO,2021-09-20 20:07:13.386852,Asteroid mining,Note,Note,Sidebar,Space Travel,1,1
o9J_lwTHmtQ=,-Mk3oSYNPFUdcjrNAYX-,2021-09-20 20:07:13.386852,Space hotels,Note,Note,Sidebar,Space Travel,1,1
o9J_lwTHmtQ=,-Mk3ohOOEpwQli5cjmPv,2021-09-20 20:08:18.751314,Climate Change rocket emissions,Line,Line,Sidebar,Space Travel,1,0
o9J_lwTHmtQ=,-Mk3ohSCvz9KMLkrxw1_,2021-09-20 20:08:18.751314,Climate Change ozone layer depletion,Line,Line,Sidebar,Space Travel,1,0
o9J_lwTHmtQ=,-Mk3ppOVkv6jzdiKko6q,2021-09-20 20:13:13.669418,Space exploration lost political support,Line,Line,Sidebar,Space Travel,1,0
o9J_lwTHmtQ=,-Mk3ppS-SI5vFuS9-6rQ,2021-09-20 20:13:13.669418,International Telecommunications Satellite Consortium,Line,Line,Sidebar,Space Travel,1,0
o9J_lwTHmtQ=,-Mk3tQFu2g50fxC2kloD,2021-09-20 20:28:55.192949,Aurora Station,Note,Note,Sidebar,Space Travel,0,0
o9J_lwTHmtQ=,-Mk3tQJd_2WFge3_cRKN,2021-09-20 20:28:55.192949,Artemis Program Lunar economy,Note,Note,Sidebar,Space Travel,0,0
o9J_lwhnitY=,-MjaOqv3jrNutCR4sNWA,2021-09-14 22:22:23.367387,E-commerce,Note,Note,Sidebar,COVID-19,1,1
o9J_lwhnitY=,-MjaOqyfoLu0-cjvSBBJ,2021-09-14 22:22:23.367387,Food and dining industry,Note,Note,Sidebar,COVID-19,1,1
o9J_lwhnitY=,-MjaOr1FNVMobAIgPN3-,2021-09-14 22:22:23.367387,Construction industry,Note,Note,Sidebar,COVID-19,1,0
o9J_lwhnitY=,-MjaPAcAZGDsoSvmTMkJ,2021-09-14 22:23:48.091315,Tourism,Topic Task,Topic Task,Sidebar,COVID-19,1,0
o9J_lwhnitY=,-MjaPAfe9u0p4k7lx688,2021-09-14 22:23:48.091315,Wildlife,Topic Task,Topic Task,Sidebar,COVID-19,1,0
o9J_lwhnitY=,-MjaPGa3XiMebBizNJ4L,2021-09-14 22:24:12.608838,CO2,Note,Note,Sidebar,COVID-19,1,1
o9J_lwhnitY=,-MjaPGdTAoGikzboo3aY,2021-09-14 22:24:12.608838,NO2,Note,Note,Sidebar,COVID-19,1,1
o9J_lwhnitY=,-MjaPNmQLNIZ_FOO8Ipd,2021-09-14 22:24:42.083064,Biomedical waste,Topic Task,Topic Task,Sidebar,COVID-19,1,1
o9J_lwhnitY=,-MjaQRMorj5dAFmGSN7e,2021-09-14 22:29:18.907327,Oil and gas industry,Note,Note,Sidebar,COVID-19,1,0
o9J_lwhnitY=,-MjaQoiKDyjd2Z-qD9ZJ,2021-09-14 22:30:58.649470,Recycling Programs,Cluster Title,Cluster,Sidebar,COVID-19,1,0
o9J_lwhnitY=,-MjaQoluA58MjrRUMFQY,2021-09-14 22:30:58.649470,Waste management policies,Cluster Title,Cluster,Sidebar,COVID-19,1,0
o9J_lwhnitY=,-MjaQopO_X7T3n528-zx,2021-09-14 22:30:58.649470,Essential waste workers,Cluster Title,Cluster,Sidebar,COVID-19,1,0
o9J_lwhnitY=,-MjaRPxbut5Xic7L7MH0,2021-09-14 22:33:35.276009,e-shopping packaging waste,Line,Line,Sidebar,COVID-19,1,1
o9J_lwhnitY=,-MjaSPezSGSBhxrNE7Dy,2021-09-14 22:37:56.224888,Municipal solid waste,Cluster Title,Cluster,Sidebar,COVID-19,1,0
o9J_lwhnitY=,-MjaUBI1CYv7zNG5CUxV,2021-09-14 22:45:41.656710,Air transport,Line,Line,Sidebar,COVID-19,1,1
o9J_lwhnitY=,-MjaUBLeXrn-1OuPKsaZ,2021-09-14 22:45:41.656710,Road transport,Line,Line,Sidebar,COVID-19,1,1
o9J_lwhnitY=,-MjaUUY3GQXb2JyaCTKT,2021-09-14 22:47:00.510424,Water transport,Line,Line,Sidebar,COVID-19,1,1
o9J_lwhnitY=,-MjaVBcC_UbUVJuoylIK,2021-09-14 22:50:05.147218,Ride sharing market,Line,Line,Sidebar,COVID-19,1,1
o9J_lwhnitY=,-MjaVBfnnIY-DlPgi36M,2021-09-14 22:50:05.147218,Public transport,Line,Line,Sidebar,COVID-19,1,1
o9J_lwhnitY=,-MjaVPS3eif1FGcxx-b5,2021-09-14 22:51:01.780008,Vaccine transport,Cross-Pollination,Line,Sidebar,COVID-19,1,0
o9J_lwhnitY=,-MjaVYznHhcnwgFR8OAE,2021-09-14 22:51:40.879629,Deforestation,Topic Task,Topic Task,Sidebar,COVID-19,1,0
o9J_lwhnitY=,-MjaVZ2WSyhs5cUiOVST,2021-09-14 22:51:40.879629,Post-covid Green Recovery,Topic Task,Topic Task,Sidebar,COVID-19,1,0
o9J_lwhnitY=,-MjaWntUU8FDHZNbTUUo,2021-09-14 22:57:08.143788,Reduced boat disturbance,Cluster Title,Cluster,Sidebar,COVID-19,1,1
o9J_lwhnitY=,-MjaYuumyoI9dHuOpaHq,2021-09-14 23:06:21.194266,Bike sales,Cluster Title,Cluster,Sidebar,COVID-19,1,0
o9J_lwhnitY=,-MjaZ2bJekSQP4tncE-y,2021-09-14 23:06:56.812157,Sustainable development goals,Topic Task,Topic Task,Sidebar,COVID-19,1,0
o9J_lwi6_1c=,-Mja5Vv7qJZGuihO1xSl,2021-09-14 20:57:52.530574,Air pollution CO2,Cluster Title,Cluster,On Board,COVID-19,1,1
o9J_lwi6_1c=,-Mja5VysRWsvsoJeSLMf,2021-09-14 20:57:52.530574,Air pollution NO2,Cluster Title,Cluster,On Board,COVID-19,1,1
o9J_lwi6_1c=,-Mja5W1dCi8W4xqTIl_e,2021-09-14 20:57:52.530574,Soap discharge,Cluster Title,Cluster,On Board,COVID-19,1,0
o9J_lwi6_1c=,-Mja5atac4W1mwcrhXCU,2021-09-14 20:58:17.016602,Wildlife,Cross-Pollination,Line,On Board,COVID-19,1,1
o9J_lwi6_1c=,-Mja68mmBhW2eL55mju_,2021-09-14 21:00:39.936788,Tourism,Topic Task,Topic Task,On Board,COVID-19,1,0
o9J_lwi6_1c=,-Mja68v45sfDX1okluIg,2021-09-14 21:00:39.936788,Food and dining industry,Topic Task,Topic Task,On Board,COVID-19,1,0
o9J_lwi6_1c=,-Mja68z0ONdhe2SywcnA,2021-09-14 21:00:39.936788,Ride sharing industry,Topic Task,Topic Task,On Board,COVID-19,1,1
o9J_lwi6_1c=,-Mja6EdOyWqYrVfX83DJ,2021-09-14 21:01:03.912822,Recycling programs,Cluster Title,Cluster,On Board,COVID-19,1,0
o9J_lwi6_1c=,-Mja6EhuNYroqsZF-3VR,2021-09-14 21:01:03.912822,Essential waste workers,Cluster Title,Cluster,On Board,COVID-19,1,1
o9J_lwi6_1c=,-Mja6Zf01PrjOf0l1J0F,2021-09-14 21:02:30.008948,Reduced road-killing,Cluster Title,Cluster,On Board,COVID-19,1,0
o9J_lwi6_1c=,-Mja6Ziej1DPjzI8FcFk,2021-09-14 21:02:30.008948,Illegal killing/poaching of wildlife,Cluster Title,Cluster,On Board,COVID-19,1,0
o9J_lwi6_1c=,-Mja7Cs54vtDZqYq2V42,2021-09-14 21:05:18.802404,Ecotourism,Cluster Title,Cluster,On Board,COVID-19,1,1
o9J_lwi6_1c=,-Mja7ttX9eY7yYkH-0u0,2021-09-14 21:08:19.116120,Reduced boat disturbance,Cross-Pollination,Line,On Board,COVID-19,1,1
o9J_lwi6_1c=,-Mja8BmAeLbemfVMNuAk,2021-09-14 21:09:36.481280,Wildlife conservation and management,Cluster Title,Cluster,On Board,COVID-19,1,0
o9J_lwi6_1c=,-Mja8Bq-6Qnhu7oJZq2z,2021-09-14 21:09:36.481280,Invasive alien species,Cluster Title,Cluster,On Board,COVID-19,1,0
o9J_lwi6_1c=,-Mja8BtSFpVFO3OjEklD,2021-09-14 21:09:36.481280,Endangered species,Cluster Title,Cluster,On Board,COVID-19,1,0
o9J_lwi6_1c=,-Mja9AJPTtZ2RWvU6uZC,2021-09-14 21:13:52.612871,E-commerce,Topic Task,Topic Task,On Board,COVID-19,1,0
o9J_lwi6_1c=,-Mja9mVR3OX5YEha0Fsz,2021-09-14 21:16:33.132065,Vaccine transport,Topic Task,Topic Task,On Board,COVID-19,1,1
o9J_lwi6_1c=,-Mja9mZ5LJ-0eDKBEppH,2021-09-14 21:16:33.132065,Cold chain,Topic Task,Topic Task,On Board,COVID-19,1,0
o9J_lwi6_1c=,-MjaAYciQRUhPDg0rr5T,2021-09-14 21:19:54.364852,Deforestation,Cluster Title,Cluster,On Board,COVID-19,0,0
o9J_lwi6_1c=,-MjaAi1Aum25Ld8xwgZU,2021-09-14 21:20:36.957495,Municipal waste,Note,Note,On Board,COVID-19,1,0
o9J_lwi6_1c=,-MjaBIqctuIRaqqhu5-f,2021-09-14 21:23:11.864236,NO2 and biomass,Cross-Pollination,Line,On Board,COVID-19,1,0
o9J_lwi6_1c=,-MjaC_-u3ql22pFAe6uT,2021-09-14 21:28:44.295589,Post-covid green recovery,Topic Task,Topic Task,On Board,COVID-19,1,1
o9J_lwi6_1c=,-MjaCv_Q9sWrBJ_4Leug,2021-09-14 21:30:16.739334,CFC-free cold chain equipment,Cluster Title,Cluster,On Board,COVID-19,1,1
o9J_lwi6_1c=,-MjaDSrk_Tg0uGXoEg7D,2021-09-14 21:32:37.179645,Blockchain,Line,Line,On Board,COVID-19,1,0
o9J_lwi6_1c=,-MjaDgUhpMMa3rkLHXc4,2021-09-14 21:33:37.082999,Pharmaceutical waste management,Line,Line,On Board,COVID-19,1,0
o9J_lwi6_1c=,-MjaFHrM6ZyZKlOnKc04,2021-09-14 21:40:36.383498,Indigenous tourism,Cluster Title,Cluster,On Board,COVID-19,1,0
o9J_lwj9wsM=,-Mj_m8tq9BTcQRyGhDHY,2021-09-14 19:28:55.363759,Tourism,Topic Task,Topic Task,On Board,COVID-19,1,1
o9J_lwj9wsM=,-Mj_mVwsJz5pXOk-Llge,2021-09-14 19:30:29.769036,Air pollution CO2,Note,Note,On Board,COVID-19,1,0
o9J_lwj9wsM=,-Mj_mW2QRM_MU0NvvI4y,2021-09-14 19:30:29.769036,Air pollution NO2,Note,Note,On Board,COVID-19,1,0
o9J_lwj9wsM=,-Mj_mW5xnp3Jy9DUC3aK,2021-09-14 19:30:29.769036,Air pollution ozone spikes,Note,Note,On Board,COVID-19,1,0
o9J_lwj9wsM=,-Mj_n9LM2dxzhqqETo2G,2021-09-14 19:33:19.333704,Recycling Programs,Note,Note,On Board,COVID-19,1,0
o9J_lwj9wsM=,-Mj_n9OyGz-eeVmHpnMk,2021-09-14 19:33:19.333704,Waste management policies,Note,Note,On Board,COVID-19,1,0
o9J_lwj9wsM=,-Mj_n9SKd67icELzCOss,2021-09-14 19:33:19.333704,Biomedical waste,Note,Note,On Board,COVID-19,1,0
o9J_lwj9wsM=,-Mj_nSpe84PmoFCl153t,2021-09-14 19:34:39.153507,Soap discharge,Note,Note,On Board,COVID-19,1,0
o9J_lwj9wsM=,-Mj_nnTp2IxnJbOhtDaD,2021-09-14 19:36:07.813416,Cold chain,Topic Task,Topic Task,On Board,COVID-19,1,0
o9J_lwj9wsM=,-Mj_nnXCUHVGUr3b9fuv,2021-09-14 19:36:07.813416,Vaccine transport,Topic Task,Topic Task,On Board,COVID-19,1,0
o9J_lwj9wsM=,-Mj_o1FzeE-sMeAVriGP,2021-09-14 19:37:08.375144,Ecotourism,Note,Note,On Board,COVID-19,1,0
o9J_lwj9wsM=,-Mj_o4rRZplL21vddCrd,2021-09-14 19:37:23.118744,Wildlife,Line,Line,On Board,COVID-19,1,0
o9J_lwj9wsM=,-Mj_oGj1UUTlKMhyV_8z,2021-09-14 19:38:11.731611,Essential waste workers,Note,Note,On Board,COVID-19,1,0
o9J_lwj9wsM=,-Mj_ogpeScY1l5fuvghI,2021-09-14 19:40:02.740553,Food and dining industry,Topic Task,Topic Task,On Board,COVID-19,1,1
o9J_lwj9wsM=,-Mj_ogt82FYovesfPVy9,2021-09-14 19:40:02.740553,Manufacturing industry,Topic Task,Topic Task,On Board,COVID-19,1,0
o9J_lwj9wsM=,-Mj_ogwkMIG4n9AHdkv4,2021-09-14 19:40:02.740553,E-commerce,Topic Task,Topic Task,On Board,COVID-19,1,0
o9J_lwj9wsM=,-Mj_r6wB4LT-C6xnMwB9,2021-09-14 19:50:38.042665,Post-covid Green Recovery,Topic Task,Topic Task,On Board,COVID-19,1,1
o9J_lwj9wsM=,-Mj_rSBJpenRbmw4T-YB,2021-09-14 19:52:05.059735,Bike sales,Note,Note,On Board,COVID-19,0,0
o9J_lwj9wsM=,-Mj_sHDfMbdakEuvWzkO,2021-09-14 19:55:42.319756,Reduced energy consumption,Note,Note,On Board,COVID-19,0,0
o9J_lwj9wsM=,-Mj_tHpmmVu0a4NEBj_X,2021-09-14 20:00:06.603279,Mass timber,Note,Note,On Board,COVID-19,1,0
o9J_lwj9wsM=,-Mj_tHtMAid0CB7CmeGc,2021-09-14 20:00:06.603279,CFC-free cold chain equipment,Note,Note,On Board,COVID-19,1,0
o9J_lwj9wsM=,-Mj_taEqR3OeAip5-ktp,2021-09-14 20:01:26.466141,Indigenous forest gardens,Note,Note,On Board,COVID-19,1,0
o9J_lwj9wsM=,-Mj_u-9gcTGAj6ujdYpB,2021-09-14 20:03:12.626406,Ride hailing market,Note,Note,On Board,COVID-19,0,0
o9J_lwj9wsM=,-Mj_uUfspbPvIv1R34N4,2021-09-14 20:05:21.711432,Social isolation and loneliness among older adults,Note,Note,On Board,COVID-19,0,0
o9J_lwj9wsM=,-Mj_vRVHM-BjF-l9LcII,2021-09-14 20:09:30.859951,Reusable food serviceware,Note,Note,On Board,COVID-19,0,0
o9J_lwj9wsM=,-Mj_w-3kemti-a16jvFA,2021-09-14 20:11:56.553253,Indigenous people,Note,Note,On Board,COVID-19,1,0
o9J_lwj9wsM=,-Mj_wolCux78u7lcxRPW,2021-09-14 20:15:32.382931,Environmental racism,Topic Task,Topic Task,On Board,COVID-19,0,0
o9J_lwt44k0=,-MjeHHwkBW99SXNFi7ej,2021-09-15 16:27:49.888714,NASA's Commercial Crew Program,Note,Note,On Board,Space Travel,1,0
o9J_lwt44k0=,-MjeHI-bmu87RdpqSzKR,2021-09-15 16:27:49.888714,Virgin Galactic,Note,Note,On Board,Space Travel,1,0
o9J_lwt44k0=,-MjeHI400zA1NZlbhWOi,2021-09-15 16:27:49.888714,Blue Origin,Note,Note,On Board,Space Travel,1,0
o9J_lwt44k0=,-MjeHKtRKp9VHF0Rrtgn,2021-09-15 16:28:01.957979,Space X,Note,Note,On Board,Space Travel,1,0
o9J_lwt44k0=,-MjeHmHklZRkYsGVVUrX,2021-09-15 16:29:58.272845,Nazi Germany,Note,Note,On Board,Space Travel,1,0
o9J_lwt44k0=,-MjeHmLN1tP5ufakaekP,2021-09-15 16:29:58.272845,Cold War,Note,Note,On Board,Space Travel,1,0
o9J_lwt44k0=,-MjeHmPZqV_TUhyKUYhF,2021-09-15 16:29:58.272845,Space race,Note,Note,On Board,Space Travel,1,0
o9J_lwt44k0=,-MjeI7eSicjILlrhOSyn,2021-09-15 16:31:29.903417,Challenger shuttle disaster,Note,Note,On Board,Space Travel,1,0
o9J_lwt44k0=,-MjeIIzVib1t_1PYQKIx,2021-09-15 16:32:16.321457,Space X reusable rocket development,Note,Note,On Board,Space Travel,1,0
o9J_lwt44k0=,-MjeJHKUwT5ic6IXC80I,2021-09-15 16:36:31.663977,Radiation exposure,Note,Note,On Board,Space Travel,1,1
o9J_lwt44k0=,-MjeJHODv8_UlDED8GAk,2021-09-15 16:36:31.663977,Excessive G-forces,Note,Note,On Board,Space Travel,1,0
o9J_lwt44k0=,-MjeJP3rYnBQ5cHr5Zs2,2021-09-15 16:37:03.382773,Class II Airman Medical Certification,Note,Note,On Board,Space Travel,1,0
o9J_lwt44k0=,-MjeKWL85IwpiJtWS1xt,2021-09-15 16:41:55.296413,Moon race,Note,Note,On Board,Space Travel,1,0
o9J_lwt44k0=,-MjeKbiJbxuVpB6YVf8n,2021-09-15 16:42:21.416629,Artemis Program,Line,Line,On Board,Space Travel,1,0
o9J_lwt44k0=,-MjeKbm3rfNnVkVJYzBK,2021-09-15 16:42:21.416629,International lunar research station,Line,Line,On Board,Space Travel,1,0
o9J_lwt44k0=,-MjeL7dfSjIwNo7Y26E0,2021-09-15 16:44:36.292316,Commercial astronauts,Note,Note,On Board,Space Travel,1,0
o9J_lwt44k0=,-MjeL_dA6SVUDTea4rl3,2021-09-15 16:46:35.039642,Climate change rocket emissions,Note,Note,On Board,Space Travel,1,0
o9J_lwt44k0=,-MjeLoWVHaaYUSzT85u9,2021-09-15 16:47:35.947452,Aurora Station,Note,Note,On Board,Space Travel,1,1
o9J_lwt44k0=,-MjeLo_WGWhfs09TAGk-,2021-09-15 16:47:35.947452,Bigelow Aerospace,Note,Note,On Board,Space Travel,1,1
o9J_lwt44k0=,-MjeM-Olj6NAbx_uk1Ea,2021-09-15 16:48:24.594730,Space X Falcon Heavy,Note,Note,On Board,Space Travel,1,0
o9J_lwt44k0=,-MjeM-STYRcXjWrqK896,2021-09-15 16:48:24.594730,Space X Dragon capsule,Note,Note,On Board,Space Travel,1,0
o9J_lwt44k0=,-MjeMbSqTu4hIOm4-qhH,2021-09-15 16:51:04.638447,Blue Origin New Shepard,Note,Note,On Board,Space Travel,1,0
o9J_lwt44k0=,-MjeMbWoHOhEdjm-pyMK,2021-09-15 16:51:04.638447,Blue Origin New Glenn,Note,Note,On Board,Space Travel,1,0
o9J_lwt44k0=,-MjeMw_vLilyYrf5SuFX,2021-09-15 16:52:31.178442,Blue Origin Blue Moon,Note,Note,On Board,Space Travel,1,0
o9J_lwt44k0=,-MjeOHC2XJ32k37HXOzr,2021-09-15 16:58:21.843083,NASA's Commercial Crew Program,Note,Note,On Board,Space Travel,1,0
o9J_lwt44k0=,-MjeQCBUSWKyDYFvJo5c,2021-09-15 17:06:45.601569,Asteroid mining,Line,Line,On Board,Space Travel,1,0
o9J_lwt44k0=,-MjeQJfRKkFC4Pckutdc,2021-09-15 17:07:16.261296,Asteroid mining,Line,Line,On Board,Space Travel,1,0
o9J_lwt44k0=,-MjeQnmbjYYHFFGu0RCa,2021-09-15 17:09:23.709846,Asteroid mining,Line,Line,On Board,Space Travel,1,0
o9J_lwt44k0=,-MjeRFQ2Dag9UBuCQrSR,2021-09-15 17:11:20.973420,Asteroid mining,Line,Line,On Board,Space Travel,1,0
o9J_lwt44k0=,-MjeRRzu4GYD0KfY4wDT,2021-09-15 17:12:12.499527,Space hotels,Line,Line,On Board,Space Travel,1,1
o9J_lwt44k0=,-MjeRosmQsJ0VbU8dnm5,2021-09-15 17:13:50.344140,Outer Space Treaty,Note,Note,On Board,Space Travel,1,0
o9J_lwt44k0=,-MjeRwp1qeoNPKh7mSrL,2021-09-15 17:14:22.860334,China Aerospace Science and Technology Corportation,Note,Note,On Board,Space Travel,1,0
o9J_lwt44k0=,-MjeRwsWUcZcaSCdM8B6,2021-09-15 17:14:22.860334,Japan Aerospace Exploration Agency,Note,Note,On Board,Space Travel,1,0
o9J_lwt44k0=,-MjeRwx_Xe_CgQ2YNkMk,2021-09-15 17:14:22.860334,Russian Federal Space Agency (Roskosmos),Note,Note,On Board,Space Travel,1,0
o9J_lwt44k0=,-MjeSn9oCfmcAX0Z2bHl,2021-09-15 17:18:05.445114,Cybersecurity threats in space,Note,Note,On Board,Space Travel,0,0
o9J_lwtLWiA=,-MjfUxAjE8Raw_LcKpfz,2021-09-15 22:07:07.962965,Space race,Note,Note,Sidebar,Space Travel,1,0
o9J_lwtLWiA=,-MjfUxEugKctBqYaSHg4,2021-09-15 22:07:07.962965,Outer Space Treaty,Note,Note,Sidebar,Space Travel,1,0
o9J_lwtLWiA=,-MjfV4EyrtHEI-If5kKf,2021-09-15 22:07:40.997539,Asteroid mining,Cluster Title,Cluster,Sidebar,Space Travel,1,1
o9J_lwtLWiA=,-MjfV4Ivsy1L1a-VbhXA,2021-09-15 22:07:40.997539,Space hotels,Cluster Title,Cluster,Sidebar,Space Travel,1,1
o9J_lwtLWiA=,-MjfVNWDseKb5mExaH9x,2021-09-15 22:08:59.923666,Virgin Galactic,Note,Note,Sidebar,Space Travel,1,0
o9J_lwtLWiA=,-MjfVN_ExmjtuNCRCDgd,2021-09-15 22:08:59.923666,Blue Origin,Note,Note,Sidebar,Space Travel,1,0
o9J_lwtLWiA=,-MjfVQ_8hIsLo_tI7gls,2021-09-15 22:09:12.479238,Space X reusable rocket development,Note,Note,Sidebar,Space Travel,1,1
o9J_lwtLWiA=,-MjfVzw4vFHe6Ip6NQoD,2021-09-15 22:11:41.396736,Artemis Program Helium-3,Cluster Title,Cluster,Sidebar,Space Travel,1,1
o9J_lwtLWiA=,-MjfWh2AONQIwjXA4eVF,2021-09-15 22:14:46.166733,Aurora Station,Cluster Title,Cluster,Sidebar,Space Travel,1,1
o9J_lwtLWiA=,-MjfWvauTqty_iBaRU62,2021-09-15 22:15:45.796838,China Aerospace Science and Technology Corportation,Note,Note,Sidebar,Space Travel,1,0
o9J_lwtLWiA=,-MjfWveNHO1ApVM5ABkb,2021-09-15 22:15:45.796838,Russian Federal Space Agency (Roskosmos),Note,Note,Sidebar,Space Travel,1,0
o9J_lwtLWiA=,-MjfWvifFy3wCB1w7cIb,2021-09-15 22:15:45.796838,European Space Agency,Note,Note,Sidebar,Space Travel,1,0
o9J_lwtLWiA=,-MjfXf6rL2Z0_AdL1hBf,2021-09-15 22:19:00.412187,NASA's Commercial Crew Program,Cross-Pollination,Line,Sidebar,Space Travel,1,0
o9J_lwtLWiA=,-MjfYVEfTfOlcBjpWNYy,2021-09-15 22:22:38.018813,Artemis Program,Cross-Pollination,Line,Sidebar,Space Travel,1,1
o9J_lwtLWiA=,-MjfYnvSE_aBC4-_SaV-,2021-09-15 22:23:58.629211,International Lunar Research Station,Cross-Pollination,Line,Sidebar,Space Travel,1,0
o9J_lwtLWiA=,-MjfYuWJ3ZaVxon2grdp,2021-09-15 22:24:25.627186,The Wolf Amendment,Cross-Pollination,Line,Sidebar,Space Travel,1,0
o9J_lwtLWiA=,-MjfZ-wHQyAz-ThXrLVS,2021-09-15 22:24:51.933809,Space-based solar power,Cluster Title,Cluster,Sidebar,Space Travel,1,1
o9J_lwtLWiA=,-MjfZ2xqh4Yfurzj5hr0,2021-09-15 22:25:04.331701,Climate change rocket emissions,Note,Note,Sidebar,Space Travel,1,0
o9J_lwtLWiA=,-MjfZ30M5UqZuxidPpCB,2021-09-15 22:25:04.331701,Space safety,Note,Note,Sidebar,Space Travel,1,0
o9J_lwtLWiA=,-MjfaEAp-bzSlWLijMz5,2021-09-15 22:34:34.560915,Satellite industry,Cluster Title,Cluster,Sidebar,Space Travel,1,0
o9J_lwtLWiA=,-MjfbG-DPixKjNZtRTji,2021-09-15 22:39:04.147487,Mariner spacecraft,Cross-Pollination,Line,Sidebar,Space Travel,1,0
o9J_lwtLWiA=,-MjfbG2dTCPP5z5R_p7E,2021-09-15 22:39:04.147487,Voyager spacecraft,Cross-Pollination,Line,Sidebar,Space Travel,1,0
o9J_lwtLWiA=,-MjfbNzEGSe0wd2IGnJD,2021-09-15 22:39:36.863290,International Space Station,Cluster Title,Cluster,Sidebar,Space Travel,1,0
o9J_lwtLWq0=,-MjjMOfUIZRtO9YZrYJo,2021-09-16 16:08:14.271066,SpaceX,Note,Note,On Board,Space Travel,1,1
o9J_lwtLWq0=,-MjjMOjF2MfTt-9tpOST,2021-09-16 16:08:14.271066,Virgin Galactic,Note,Note,On Board,Space Travel,1,1
o9J_lwtLWq0=,-MjjMOmmPHAPoe9IeP_z,2021-09-16 16:08:14.271066,Blue Origin,Note,Note,On Board,Space Travel,1,1
o9J_lwtLWq0=,-MjjN9XXmk8hFdBILgjC,2021-09-16 16:11:34.403604,NASA's Commercial Crew Program,Note,Note,On Board,Space Travel,1,0
o9J_lwtLWq0=,-MjjOPB3-QiGrsRct0Dx,2021-09-16 16:17:00.648050,Space X Dragon capsule,Note,Note,On Board,Space Travel,1,1
o9J_lwtLWq0=,-MjjOPEm0u8OJx37bzea,2021-09-16 16:17:00.648050,Space X reusable rocket development,Note,Note,On Board,Space Travel,1,0
o9J_lwtLWq0=,-MjjPEXzlPe9kQfQguH4,2021-09-16 16:20:39.201684,International Space Station,Note,Note,On Board,Space Travel,1,0
o9J_lwtLWq0=,-MjjPEaQ2FT0Gmd0v_gS,2021-09-16 16:20:39.201684,China's Tiangong space station,Note,Note,On Board,Space Travel,1,0
o9J_lwtLWq0=,-MjjPEdpA_bx6kzvzWVF,2021-09-16 16:20:39.201684,Russian Federal Space Agency (Roskosmos),Note,Note,On Board,Space Travel,1,0
o9J_lwtLWq0=,-MjjPUd3IswBZJ2yK4Rr,2021-09-16 16:21:45.133211,Blue Origin Blue Moon,Note,Note,On Board,Space Travel,1,1
o9J_lwtLWq0=,-MjjPUgTrm92QEI5b5gu,2021-09-16 16:21:45.133211,Blue Origin New Shepard,Note,Note,On Board,Space Travel,1,1
o9J_lwtLWq0=,-MjjQIsrWTeZLs-Z44op,2021-09-16 16:25:19.130317,Sub-orbital space flights,Line,Line,On Board,Space Travel,1,1
o9J_lwtLWq0=,-MjjQQDKLDTQrFiwmSRq,2021-09-16 16:25:49.179634,Sub-orbital space flights,Line,Line,On Board,Space Travel,1,1
o9J_lwtLWq0=,-MjjQpoz7b6YAjcDTlVV,2021-09-16 16:27:38.150904,European Space Agency,Note,Note,On Board,Space Travel,1,0
o9J_lwtLWq0=,-MjjQptvTaoS-jcWXhs3,2021-09-16 16:27:38.150904,China Aerospace Science and Technology Corportation,Note,Note,On Board,Space Travel,1,0
o9J_lwtLWq0=,-MjjRQWUMDjz6GKIqtAm,2021-09-16 16:30:12.544892,Artemis Program,Note,Note,On Board,Space Travel,0,0
o9J_lwtLWq0=,-MjjSL7ID9Q9ajq-tT8O,2021-09-16 16:34:12.613980,Billionaire space race,Line,Line,On Board,Space Travel,1,1
o9J_lwtLWq0=,-MjjSOJuHqANIRDBPT5z,2021-09-16 16:34:25.666472,Billionaire space race,Line,Line,On Board,Space Travel,1,1
o9J_lwtLWq0=,-MjjSSkmXWv7YB5VrguG,2021-09-16 16:34:43.871460,Climate change rocket emissions,Note,Note,On Board,Space Travel,1,1
o9J_lwtLWq0=,-MjjSSoDvofluP3cVSTj,2021-09-16 16:34:43.871460,Space safety,Note,Note,On Board,Space Travel,1,0
o9J_lwtLWq0=,-MjjTxuDeJ3L3pnl2QKd,2021-09-16 16:41:17.682903,Outer Space Treaty,Note,Note,On Board,Space Travel,1,0
o9J_lwtLWq0=,-MjjWCCKEfRUL--HAQUi,2021-09-16 16:51:04.634670,U.S Space Launch Competitiveness Act,Line,Line,On Board,Space Travel,1,0
o9J_lwtLWq0=,-MjjWFDcCfxvPEz4TFdJ,2021-09-16 16:51:17.002098,U.S Space Launch Competitiveness Act,Line,Line,On Board,Space Travel,0,0
o9J_lwtLWq0=,-MjjWQVHJ7z6IgZJTBEp,2021-09-16 16:52:03.190811,Space economy,Note,Note,On Board,Space Travel,0,0
o9J_lwtLWq0=,-MjjX7L1hCHilSJMd-5p,2021-09-16 16:55:06.856886,Ozone depletion,Note,Note,On Board,Space Travel,0,0
o9J_lwtLWq0=,-MjjX7OcJQTI2OGTw_3M,2021-09-16 16:55:06.856886,Space debris,Note,Note,On Board,Space Travel,0,0
o9J_lwtLZY8=,-Mjey8186tT7lYmQCm0x,2021-09-15 19:39:23.579873,Wildlife,Note,Note,On Board,COVID-19,1,0
o9J_lwtLZY8=,-Mjey84P4Giy9qGdblUE,2021-09-15 19:39:23.579873,Air pollution,Note,Note,On Board,COVID-19,1,0
o9J_lwtLZY8=,-MjeyPqjUZ1idH_vNLT3,2021-09-15 19:40:36.592514,Biomedical waste,Note,Note,On Board,COVID-19,1,0
o9J_lwtLZY8=,-Mjeyf5Fwb4c9YtGFMJG,2021-09-15 19:41:43.106608,Wildlife conservation and management,Note,Note,On Board,COVID-19,1,0
o9J_lwtLZY8=,-Mjeyf8pFOR0UV2KHOME,2021-09-15 19:41:43.106608,Illegal killing/poaching of wildlife,Note,Note,On Board,COVID-19,1,0
o9J_lwtLZY8=,-MjezG2LRkOVQgpJzigw,2021-09-15 19:44:18.573298,Tourism,Note,Note,On Board,COVID-19,1,1
o9J_lwtLZY8=,-MjezG66jBdsFcbKWds3,2021-09-15 19:44:18.573298,E-commerce,Note,Note,On Board,COVID-19,1,0
o9J_lwtLZY8=,-MjezGA2aRTXfbyhaDPF,2021-09-15 19:44:18.573298,Manufacturing industries,Note,Note,On Board,COVID-19,1,0
o9J_lwtLZY8=,-MjezMS52aFV83Gq6tB7,2021-09-15 19:44:44.799710,Ecotourism,Line,Line,On Board,COVID-19,1,0
o9J_lwtLZY8=,-MjezpHTcYpIzSAycOAG,2021-09-15 19:46:47.008619,Recycling Programs,Note,Note,On Board,COVID-19,1,0
o9J_lwtLZY8=,-MjezpL7QyMBos7lKiPX,2021-09-15 19:46:47.008619,Waste management policies,Note,Note,On Board,COVID-19,1,0
o9J_lwtLZY8=,-MjezpP_uNP0Qkf8TZdJ,2021-09-15 19:46:47.008619,Biomedical waste,Note,Note,On Board,COVID-19,1,0
o9J_lwtLZY8=,-Mjf-6VD2zn9Z4S7DkBe,2021-09-15 19:48:01.612850,CO2,Note,Note,On Board,COVID-19,0,0
o9J_lwtLZY8=,-Mjf-6YSjAfOBsr5pm-R,2021-09-15 19:48:01.612850,NO2,Note,Note,On Board,COVID-19,0,0
o9J_lwtLZY8=,-Mjf-6bb-mfmiqG39rfB,2021-09-15 19:48:01.612850,Ozone,Note,Note,On Board,COVID-19,0,0
o9J_lwtLZY8=,-Mjf-jHVa8Hkik8Ezuhf,2021-09-15 19:50:44.576361,Water pollution,Note,Note,On Board,COVID-19,1,0
o9J_lwtLZY8=,-Mjf-pgl9grWb_4JjASQ,2021-09-15 19:51:10.819821,Noise pollution,Note,Note,On Board,COVID-19,1,0
o9J_lwtLZY8=,-Mjf0shqgqeQHoZJuxDw,2021-09-15 19:55:45.320915,Biodiversity,Line,Line,On Board,COVID-19,1,0
o9J_lwtLZY8=,-Mjf208J0TTjWPHEWHtv,2021-09-15 20:00:41.997194,Municipal solid waste,Note,Note,On Board,COVID-19,0,0
o9J_lwtLZY8=,-Mjf4-HG_r7xmMSQ7Cdj,2021-09-15 20:09:22.763280,Vaccine transport,Note,Note,On Board,COVID-19,0,0
o9J_lwtLZY8=,-Mjf4-O3-CGc3KOTufGy,2021-09-15 20:09:22.763280,Cold chain,Note,Note,On Board,COVID-19,0,0
o9J_lwtLZY8=,-Mjf4NQnKKWdYiK5OIK5,2021-09-15 20:11:01.666646,Aviation,Line,Line,On Board,COVID-19,0,0
o9J_lwtLZY8=,-Mjf4NUj5NznuqKlC1yf,2021-09-15 20:11:01.666646,Road transport,Line,Line,On Board,COVID-19,0,0
o9J_lwtLZY8=,-Mjf5IKk5O9ZdccC1bL1,2021-09-15 20:15:02.948657,Psychological disorders,Note,Note,On Board,COVID-19,0,0
o9J_lwtLZY8=,-Mjf5IQM0RYH8VMvdAdZ,2021-09-15 20:15:02.948657,Pro-environmental behaviors,Note,Note,On Board,COVID-19,0,0
o9J_lwtLZY8=,-Mjf5UAZRk_38D7ko4ET,2021-09-15 20:15:51.456865,Water transport,Note,Note,On Board,COVID-19,0,0
o9J_lwtLZY8=,-Mjf5iOOfXTvgzxh02yI,2021-09-15 20:16:53.786092,Marine ecosystems,Line,Line,On Board,COVID-19,0,0
o9J_lx2--OQ=,-MjVaTPV7EddeTpShPzH,2021-09-13 19:19:47.592208,Space X reusable rocket development,Note,Note,On Board,Space Travel,1,1
o9J_lx2--OQ=,-MjVaTSwCQLtQha5wABl,2021-09-13 19:19:47.592208,Blue Origin sub-orbital space tourism,Note,Note,On Board,Space Travel,1,0
o9J_lx2--OQ=,-MjVafNmkj0ImnsQGsXu,2021-09-13 19:20:40.713752,Russian Federal Space Agency (Roskosmos),Topic Task,Topic Task,On Board,Space Travel,1,0
o9J_lx2--OQ=,-MjVafRI9kBsoeqAfnfh,2021-09-13 19:20:40.713752,China Aerospace Science and Technology Corportation,Topic Task,Topic Task,On Board,Space Travel,1,1
o9J_lx2--OQ=,-MjVafUZhYi8ah-KqUc5,2021-09-13 19:20:40.713752,European Space Agency,Topic Task,Topic Task,On Board,Space Travel,1,0
o9J_lx2--OQ=,-MjVcUbNMP4nFa08a9if,2021-09-13 19:28:36.803883,International Telecommunications Union,Cluster Title,Cluster,On Board,Space Travel,1,0
o9J_lx2--OQ=,-MjVcUfBN12qusEGu1zD,2021-09-13 19:28:36.803883,International Maritime Satellite Organization,Cluster Title,Cluster,On Board,Space Travel,1,0
o9J_lx2--OQ=,-MjVcknK0jQyTueJZUsA,2021-09-13 19:29:47.193178,NASA's Commercial Crew Program,Line,Line,On Board,Space Travel,1,0
o9J_lx2--OQ=,-MjVdbMKPgDCPnTcZdeH,2021-09-13 19:33:30.687041,Soviet space station Salyut,Cross-Pollination,Line,On Board,Space Travel,1,0
o9J_lx2--OQ=,-MjVdbQ3aHdZ1iPbXfLL,2021-09-13 19:33:30.687041,U.S space station Skylab,Cross-Pollination,Line,On Board,Space Travel,1,0
o9J_lx2--OQ=,-MjVdbTJNhuU18eiAYbW,2021-09-13 19:33:30.687041,China space station Tiangong-1,Cross-Pollination,Line,On Board,Space Travel,1,0
o9J_lx2--OQ=,-MjVdj0NqYQ63QFrch5l,2021-09-13 19:34:02.044432,International space station,Cross-Pollination,Line,On Board,Space Travel,1,0
o9J_lx2--OQ=,-MjVeQlSRA1e3arA9TTZ,2021-09-13 19:37:05.343394,Satellite communication homeland defense,Cluster Title,Cluster,On Board,Space Travel,1,0
o9J_lx2--OQ=,-MjVeQpOoOBEzwMywFPC,2021-09-13 19:37:05.343394,Mariner spacecraft,Cluster Title,Cluster,On Board,Space Travel,1,0
o9J_lx2--OQ=,-MjVeQstGM6jsMsdanFp,2021-09-13 19:37:05.343394,Space shuttle,Cluster Title,Cluster,On Board,Space Travel,1,0
o9J_lx2--OQ=,-MjVek_XGmr1-cJrlbeq,2021-09-13 19:38:30.603094,Climate Change rocket emissions,Topic Task,Topic Task,On Board,Space Travel,0,0
o9J_lx2--OQ=,-MjVekdHVvdg-Xl_u-5V,2021-09-13 19:38:30.603094,Space safety,Topic Task,Topic Task,On Board,Space Travel,0,0
o9J_lx2--OQ=,-MjVfDamvzP0LkhVAKac,2021-09-13 19:40:33.557470,Space hotels,Note,Note,On Board,Space Travel,0,0
o9J_lx2--OQ=,-MjVfDeTM10CcSbE1DOt,2021-09-13 19:40:33.557470,Asteroid mining,Note,Note,On Board,Space Travel,0,0
o9J_lx2--OQ=,-MjVh21NPjM8TpBCK07s,2021-09-13 19:48:30.456270,Class II Airman Medical Certification,Cluster Title,Cluster,On Board,Space Travel,1,1
o9J_lx2--OQ=,-MjVhCuZ_goIUJeF_iSG,2021-09-13 19:49:15.017903,Cybersecurity threats in space,Cross-Pollination,Line,On Board,Space Travel,0,0
o9J_lx2--OQ=,-MjVhmFDlIznQZBVH22M,2021-09-13 19:51:43.855453,Radiation exposure,Cluster Title,Cluster,On Board,Space Travel,1,1
o9J_lx2--OQ=,-MjVhmIfIqbnuOsAIni6,2021-09-13 19:51:43.855453,Excessive G-forces,Cluster Title,Cluster,On Board,Space Travel,1,1
o9J_lx2--OQ=,-MjVj5QZfNUjqruLYjjg,2021-09-13 19:57:28.663034,Space debris disposal,Cluster Title,Cluster,On Board,Space Travel,0,0
o9J_lx2--OQ=,-MjVj5TvCXpabFG2VRGl,2021-09-13 19:57:28.663034,Nuclear waste,Cluster Title,Cluster,On Board,Space Travel,0,0
o9J_lxP9EsE=,-MjVywEF-lTGgb_BOn3K,2021-09-13 21:06:41.166787,NASA,Note,Note,Sidebar,Space Travel,1,0
o9J_lxP9EsE=,-MjVywI2ZpLNwXTO7fAF,2021-09-13 21:06:41.166787,Space X,Note,Note,Sidebar,Space Travel,1,0
o9J_lxP9EsE=,-MjVywL_LqZ3NAcd-b4P,2021-09-13 21:06:41.166787,Virgin Galactic,Note,Note,Sidebar,Space Travel,1,0
o9J_lxP9EsE=,-MjVzBonrwO4DRL3j5Xi,2021-09-13 21:07:49.141440,Cold War,Note,Note,Sidebar,Space Travel,1,0
o9J_lxP9EsE=,-MjVzBsNRh5TL_pTIe1D,2021-09-13 21:07:49.141440,Space race,Note,Note,Sidebar,Space Travel,1,0
o9J_lxP9EsE=,-MjVzBw9N3LuKhyVv5Vx,2021-09-13 21:07:49.141440,International Space Station,Note,Note,Sidebar,Space Travel,1,0
o9J_lxP9EsE=,-MjVzMk57NI1AzDVTRlH,2021-09-13 21:08:33.882141,Space hotels,Note,Note,Sidebar,Space Travel,1,0
o9J_lxP9EsE=,-MjVzMnpXAXOl9KXX4k5,2021-09-13 21:08:33.882141,Asteroid mining,Note,Note,Sidebar,Space Travel,1,0
o9J_lxP9EsE=,-MjVzMrCV5gzsxFe7a-m,2021-09-13 21:08:33.882141,Artemis Program,Note,Note,Sidebar,Space Travel,1,0
o9J_lxP9EsE=,-MjVzxbXqyIXautNQKGc,2021-09-13 21:11:08.997355,Blue Origin,Note,Note,Sidebar,Space Travel,1,1
o9J_lxP9EsE=,-MjW13-pgO5_lgbuAx17,2021-09-13 21:20:19.471726,Aurora Station,Note,Note,Sidebar,Space Travel,1,0
o9J_lxP9EsE=,-MjW133GP_ynvnWd97lq,2021-09-13 21:20:19.471726,Bigelow Aerospace,Note,Note,Sidebar,Space Travel,1,0
o9J_lxP9EsE=,-MjW1EdUU82xffl25yeo,2021-09-13 21:21:07.119317,Climate Change rocket emissions,Note,Note,Sidebar,Space Travel,1,0
o9J_lxP9EsE=,-MjW1EhHkTZsWbN472LM,2021-09-13 21:21:07.119317,Climate Change ozone layer depletion,Note,Note,Sidebar,Space Travel,1,0
o9J_lxP9EsE=,-MjW1W9ZhAehgfzuoOqP,2021-09-13 21:22:18.870555,Outer Space Treaty,Note,Note,Sidebar,Space Travel,1,0
o9J_lxP9EsE=,-MjW5f1hzEWqA3vkivsw,2021-09-13 21:40:27.904566,NASA's Commercial Crew Program,Line,Line,Sidebar,Space Travel,1,0
o9J_lxP9EsE=,-MjW5hvl0eHiA9vmX84n,2021-09-13 21:40:39.755797,Space-based solar power,Note,Note,Sidebar,Space Travel,1,0
o9J_lxP9EsE=,-MjW5lDBvpCskL_2ODhS,2021-09-13 21:40:53.228379,Lunar economy,Note,Note,Sidebar,Space Travel,1,0
o9J_lxP9EsE=,-MjW7nOnq5RENMc68feB,2021-09-13 21:49:46.440137,The Wolf Amendment,Line,Line,Sidebar,Space Travel,1,0
o9J_lxP9EsE=,-MjW7nSMaPPTsLGoReJM,2021-09-13 21:49:46.440137,International Lunar Research Station,Line,Line,Sidebar,Space Travel,1,0
o9J_lxP9EsE=,-MjW8g_XT1d5Hnztdabl,2021-09-13 21:53:40.660125,Helium-3,Note,Note,Sidebar,Space Travel,0,0
o9J_lxPFjOs=,-MjWHwF9tYmJ4eq2okID,2021-09-13 22:34:04.125167,NASA's Commercial Crew Program,Note,Note,On Board,Space Travel,1,0
o9J_lxPFjOs=,-MjWHzBOnfKcNPrDEJ_t,2021-09-13 22:34:16.178755,Cold War,Note,Note,On Board,Space Travel,1,0
o9J_lxPFjOs=,-MjWHzF3PZqcn0ZYayAc,2021-09-13 22:34:16.178755,Space race,Note,Note,On Board,Space Travel,1,0
o9J_lxPFjOs=,-MjWID1x-wcR5V0hYCsi,2021-09-13 22:35:17.017333,European Space Agency,Topic Task,Topic Task,On Board,Space Travel,1,1
o9J_lxPFjOs=,-MjWID5TOBR4BVCOxTxe,2021-09-13 22:35:17.017333,Russian Federal Space Agency (Roskosmos),Topic Task,Topic Task,On Board,Space Travel,1,0
o9J_lxPFjOs=,-MjWID91wUGWxEQ_HfJv,2021-09-13 22:35:17.017333,China National Space Administration,Topic Task,Topic Task,On Board,Space Travel,1,1
o9J_lxPFjOs=,-MjWIiSu3A8T9lIMDi57,2021-09-13 22:37:29.804728,Space X reusable rocket development,Note,Note,On Board,Space Travel,1,1
o9J_lxPFjOs=,-MjWIiX76x-vxWoo5ENO,2021-09-13 22:37:29.804728,Virgin Galactic sub-orbital space tourism,Note,Note,On Board,Space Travel,1,1
o9J_lxPFjOs=,-MjWJFSLIfkLagF9dpyM,2021-09-13 22:39:49.043020,International Lunar Research Station,Line,Line,On Board,Space Travel,1,0
o9J_lxPFjOs=,-MjWK9PF9dlnBQqz56_5,2021-09-13 22:43:46.422112,Aurora Station,Cluster Title,Cluster,On Board,Space Travel,1,0
o9J_lxPFjOs=,-MjWK9STsKX9FW1AU2AG,2021-09-13 22:43:46.422112,Bigelow Aerospace,Cluster Title,Cluster,On Board,Space Travel,1,0
o9J_lxPFjOs=,-MjWKIFVDuBSNHsYkD9f,2021-09-13 22:44:22.650927,Artemis Program,Cross-Pollination,Line,On Board,Space Travel,1,1
o9J_lxPFjOs=,-MjWK_7FScZrwMaP-kfX,2021-09-13 22:45:35.845195,Climate change rocket emissions,Topic Task,Topic Task,On Board,Space Travel,1,0
o9J_lxPFjOs=,-MjWK_BJ9_3Zg5bMM4_A,2021-09-13 22:45:35.845195,Space safety,Topic Task,Topic Task,On Board,Space Travel,1,1
o9J_lxPFjOs=,-MjWLt3-LYvtZZ7_2bbR,2021-09-13 22:51:19.632923,International Maritime Satellite Organization,Cross-Pollination,Line,On Board,Space Travel,1,0
o9J_lxPFjOs=,-MjWLt6kYXee836dUZFb,2021-09-13 22:51:19.632923,International Telecommunications Union,Cross-Pollination,Line,On Board,Space Travel,1,1
o9J_lxPFjOs=,-MjWLtCeOy4VjnSBhGrr,2021-09-13 22:51:19.632923,Outer Space Treaty,Cross-Pollination,Line,On Board,Space Travel,1,1
o9J_lxPFjOs=,-MjWMSTXVwJGlHbS2c6W,2021-09-13 22:53:48.796094,Class II Airman Medical Certification,Note,Note,On Board,Space Travel,1,0
o9J_lxPFjOs=,-MjWMSX0cyy5f707TuFL,2021-09-13 22:53:48.796094,Radiation exposure,Note,Note,On Board,Space Travel,1,0
o9J_lxPFjOs=,-MjWMS_bpKAC1D3E2lvw,2021-09-13 22:53:48.796094,Excessive G-forces,Note,Note,On Board,Space Travel,1,0
o9J_lxPFjOs=,-MjWNRcJCMqh7HTAtoeZ,2021-09-13 22:58:07.465385,The Wolf Amendment,Cross-Pollination,Line,On Board,Space Travel,1,1
o9J_lxPFjOs=,-MjWNe5X-Onztp7GaUqa,2021-09-13 22:59:02.656198,International Space Station,Cluster,Cluster,On Board,Space Travel,1,0
o9J_lxPFjOs=,-MjWO5SDsrj0ZyuZwEo3,2021-09-13 23:00:58.787660,U.S Space Launch Competitiveness Act,Cross-Pollination,Line,On Board,Space Travel,1,0
o9J_lxPFjOs=,-MjWOFwV6uUEa6OV20Xg,2021-09-13 23:01:41.750225,Space hotels,Note,Note,On Board,Space Travel,1,1
o9J_lxPFjOs=,-MjWOP0KMtLUtgJg28wr,2021-09-13 23:02:18.936439,Federal Aviation Administration (FAA),Topic Task,Topic Task,On Board,Space Travel,1,0
o9J_lxPFjOs=,-MjWOP4EbE3TvZcsQcCL,2021-09-13 23:02:18.936439,National Environmental Policy and Clean Air,Topic Task,Topic Task,On Board,Space Travel,1,0
o9J_lxPFjOs=,-MjWP5vjiLIkcYcNaCDm,2021-09-13 23:05:22.893470,Asteroid mining,Topic Task,Topic Task,On Board,Space Travel,1,0
o9J_lxPFjOs=,-MjWP5zdTdgEXsnOe-BQ,2021-09-13 23:05:22.893470,Space-based solar power,Topic Task,Topic Task,On Board,Space Travel,1,1
o9J_lxTWUZI=,-Mj_TMs3OkpJZTtvuPAE,2021-09-14 18:02:29.728616,NASA's Commercial Crew Program,Note,Note,On Board,Space Travel,1,0
o9J_lxTWUZI=,-Mj_TMvg8eEJCpGoJzdV,2021-09-14 18:02:29.728616,European Space Agency,Note,Note,On Board,Space Travel,1,0
o9J_lxTWUZI=,-Mj_TMz4v6Vx9oH1Am6R,2021-09-14 18:02:29.728616,China Aerospace Science and Technology Corportation,Note,Note,On Board,Space Travel,1,0
o9J_lxTWUZI=,-Mj_UxcZtRxTPOO5ms7u,2021-09-14 18:09:26.532934,Space shuttle,Cluster Title,Cluster,On Board,Space Travel,1,1
o9J_lxTWUZI=,-Mj_Uxg--OYH_Snc_oAg,2021-09-14 18:09:26.532934,Space rocket,Cluster Title,Cluster,On Board,Space Travel,1,1
o9J_lxTWUZI=,-Mj_V4AkI2RIHIVyD9uc,2021-09-14 18:09:57.457767,Virgin Galactic,Cluster Title,Cluster,On Board,Space Travel,1,1
o9J_lxTWUZI=,-Mj_V4EINKtDV2-MoxYd,2021-09-14 18:09:57.457767,Blue Origin,Cluster Title,Cluster,On Board,Space Travel,1,1
o9J_lxTWUZI=,-Mj_Vm7m2WvNZFPDXPAO,2021-09-14 18:13:01.592128,Asteroid mining,Cluster Title,Cluster,On Board,Space Travel,0,0
o9J_lxTWUZI=,-Mj_VmB7R08U3wrhXJQa,2021-09-14 18:13:01.592128,Artemis program,Cluster Title,Cluster,On Board,Space Travel,0,0
o9J_lxTWUZI=,-Mj_Vq6vYeXgJe7dZnDB,2021-09-14 18:13:17.930740,International Space Station,Cluster Title,Cluster,On Board,Space Travel,0,0
o9J_lxTWUZI=,-Mj_XHL3PRWDhKPBVpIm,2021-09-14 18:19:35.655096,Space X reusable rocket,Cross-Pollination,Line,On Board,Space Travel,1,1
o9J_lxTWUZI=,-Mj_Xu6srfrdJfjSCfj9,2021-09-14 18:22:18.589499,Soviet Union,Cluster Title,Cluster,On Board,Space Travel,0,0
o9J_lxTWUZI=,-Mj_YYP5TZbcF9EFKvvb,2021-09-14 18:25:07.683496,Class II Airman Medical Certification,Cluster Title,Cluster,On Board,Space Travel,0,0
o9J_lxTWUZI=,-Mj_YyZmOrWnKhw_Hecu,2021-09-14 18:26:58.961115,Nazi Germany,Cluster Title,Cluster,On Board,Space Travel,0,0
o9J_lxTWUZI=,-Mj_Z84mT-L_eEodl62P,2021-09-14 18:27:42.038574,Explorer 1,Cluster Title,Cluster,On Board,Space Travel,0,0
o9J_lxTWUZI=,-Mj__qpx5Pj0uzksXP5z,2021-09-14 18:35:11.584637,test,Note,Note,On Board,Space Travel,1,0
o9J_lxTWUZI=,-Mj_aIbGtHCM633QjrMb,2021-09-14 18:37:09.436356,Space rocket,Cluster Title,Cluster,On Board,Space Travel,1,1
o9J_lxTWUZI=,-Mj_aIelErTEMaX8oot4,2021-09-14 18:37:09.436356,Space shuttle,Cluster Title,Cluster,On Board,Space Travel,1,1
o9J_lxTWUZI=,-Mj_aWmQp2NsNZ5EAxu9,2021-09-14 18:38:07.495489,Space X reusable rocket,Cross-Pollination,Line,On Board,Space Travel,1,1
o9J_lxTWUZI=,-Mj_ab_QQ6Jd9feUTTWP,2021-09-14 18:38:31.233157,Virgin Galactic,Cluster Title,Cluster,On Board,Space Travel,1,1
o9J_lxTWUZI=,-Mj_abckpG1wRkGuXVFd,2021-09-14 18:38:31.233157,Blue Origin,Cluster Title,Cluster,On Board,Space Travel,1,1
o9J_lxTWUZI=,-Mj_aq9Dlxa8DIeHx61r,2021-09-14 18:39:30.932448,Sub-orbital space tourism,Cross-Pollination,Line,On Board,Space Travel,0,0
o9J_lxTWUZI=,-Mj_aqCnSF-O9UXfS4kL,2021-09-14 18:39:30.932448,Asteroid mining,Cross-Pollination,Line,On Board,Space Travel,0,0
o9J_lxTWUZI=,-Mj_aqGpdFEsJ3OIY8ul,2021-09-14 18:39:30.932448,Artemis Program,Cross-Pollination,Line,On Board,Space Travel,0,0
o9J_lxTWUZI=,-Mj_bCgf-AX52ZmA5fze,2021-09-14 18:41:07.343009,Space shuttle,Cluster Title,Cluster,On Board,Space Travel,1,1
o9J_lxTWUZI=,-Mj_bCkBCy-KdulwtAr7,2021-09-14 18:41:07.343009,Space rocket,Cluster Title,Cluster,On Board,Space Travel,1,1
o9J_lxTWUZI=,-Mj_blqXraooERd5bZ-f,2021-09-14 18:43:35.424698,Climate change rocket emissions,Note,Note,On Board,Space Travel,0,0
o9J_lxTWUZI=,-Mj_bozZn1FnnNVH-HVz,2021-09-14 18:43:48.285560,Climate Change rocket emissions,Note,Note,On Board,Space Travel,0,0
o9J_lxTWUZI=,-Mj_c3H1zES5y2kqw5uD,2021-09-14 18:44:50.902236,Climate change rocket emissions,Note,Note,On Board,Space Travel,0,0
o9J_lxTWUZI=,-Mj_cS_ybjGIPJX1FPAW,2021-09-14 18:46:34.593461,Climate change rocket emissions,Note,Note,On Board,Space Travel,0,0
o9J_lxTWUZI=,-Mj_ccU7WFFpxXrs5BvF,2021-09-14 18:47:19.215845,test,Cluster,Cluster,On Board,Space Travel,0,0
o9J_lxTWUZI=,-Mj_d76M8ymOwtz1RoCd,2021-09-14 18:49:28.766848,Climate Change,Note,Note,On Board,Space Travel,0,0
o9J_lxTWUZI=,-Mj_dCugYe4ry0T_vnqF,2021-09-14 18:49:52.531037,test,Cluster Title,Cluster,On Board,Space Travel,0,0
o9J_lxTWUZI=,-Mj_dNnHyQUhN3PRAhaf,2021-09-14 18:50:37.112065,Climate Change rocket emissions,Note,Note,On Board,Space Travel,0,0
o9J_lxTWUZI=,-Mj_de1liAo-bKk9XWwG,2021-09-14 18:51:47.732757,test,Note,Note,On Board,Space Travel,0,0
o9J_lxTWUZI=,-Mj_dmKlWXQLD3Sb0lGz,2021-09-14 18:52:21.721509,Climate change rocket emissions,Note,Note,On Board,Space Travel,1,0
o9J_lxTWUZI=,-Mj_dp4Mm-sOcF5WTsXk,2021-09-14 18:52:32.945077,Outer Space Treaty,Note,Note,On Board,Space Travel,1,0
o9J_lxTWUZI=,-Mj_f4tpu_hO8WbyJcuK,2021-09-14 18:58:03.989918,The Wolf Amendment,Cross-Pollination,Line,On Board,Space Travel,0,0
o9J_lxTWUZI=,-Mj_fCDjjP8RFxCa1VHo,2021-09-14 18:58:33.991011,Russian Federal Space Agency (Roskosmos),Cluster Title,Cluster,On Board,Space Travel,0,0
o9J_lxTWUZI=,-Mj_fCHDolMdQIlo3SQN,2021-09-14 18:58:33.991011,China Aerospace Science and Technology Corportation,Cluster Title,Cluster,On Board,Space Travel,0,0
o9J_lxTWUZI=,-Mj_fCKcfJELJak6CaVF,2021-09-14 18:58:33.991011,Japan Aerospace Exploration Agency,Cluster Title,Cluster,On Board,Space Travel,0,0
o9J_lxTWUZI=,-Mj_fRt9aY13WY3xwolD,2021-09-14 18:59:38.145908,Space hotels,Cluster Title,Cluster,On Board,Space Travel,0,0
o9J_lxTWUZI=,-Mj_fRwYWZjMaGtkb8h4,2021-09-14 18:59:38.145908,Space-based solar power,Cluster Title,Cluster,On Board,Space Travel,0,0
o9J_lxTWUZI=,-Mj_fZlT8tvwXm98kTMB,2021-09-14 19:00:10.406988,Satellite communication,Note,Note,On Board,Space Travel,0,0
o9J_ly0SnkM=,-MiwCxjHMbXKLXhJ6RWa,2021-09-06 17:46:22.489677,Organic and inorganic pollutants,Topic Task,Topic Task,Sidebar,COVID-19,1,1
o9J_ly0SnkM=,-MiwCxms-LuuK-koflxk,2021-09-06 17:46:22.489677,Tourism,Topic Task,Topic Task,Sidebar,COVID-19,1,1
o9J_ly0SnkM=,-MiwCxqPJI7kOi999l-K,2021-09-06 17:46:22.489677,Biomedical waste,Topic Task,Topic Task,Sidebar,COVID-19,1,1
o9J_ly0SnkM=,-MiwEgMiWCPYLg5uqSii,2021-09-06 17:53:55.639700,Biodiversity,Note,Note,Sidebar,COVID-19,1,1
o9J_ly0SnkM=,-MiwEgQTIJw0wNxmlVQQ,2021-09-06 17:53:55.639700,Reduced boat disturbance,Note,Note,Sidebar,COVID-19,1,1
o9J_ly0SnkM=,-MiwEvKfpbZ8jbcit88i,2021-09-06 17:54:56.950119,Wildlife conservation and management,Note,Note,Sidebar,COVID-19,1,1
o9J_ly0SnkM=,-MiwEvOGhBNQ9zhY-VdT,2021-09-06 17:54:56.950119,Invasive alien species,Note,Note,Sidebar,COVID-19,1,1
o9J_ly0SnkM=,-MiwFUvP5Uoz4m2hSvEu,2021-09-06 17:57:26.818236,Ozone spikes,Line,Line,Sidebar,COVID-19,1,1
o9J_ly0SnkM=,-MiwFUyrD_6MmpK_lnDj,2021-09-06 17:57:26.818236,CO2,Line,Line,Sidebar,COVID-19,1,1
o9J_ly0SnkM=,-MiwFV0u9Y4GNzKEiBw-,2021-09-06 17:57:26.818236,NO2,Line,Line,Sidebar,COVID-19,1,0
o9J_ly0SnkM=,-MiwH1TXxIJHJyT2_uyu,2021-09-06 18:04:10.486095,Waste management policies,Note,Note,Sidebar,COVID-19,1,0
o9J_ly0SnkM=,-MiwH1WpfNeteZlq7A7I,2021-09-06 18:04:10.486095,Essential waste workers,Note,Note,Sidebar,COVID-19,1,0
o9J_ly0SnkM=,-MiwJ2vN3q1uaBvEdWee,2021-09-06 18:13:00.701953,Road transport,Cluster,Cluster,Sidebar,COVID-19,1,0
o9J_ly0SnkM=,-MiwJ2yi3exA6_mYKb3G,2021-09-06 18:13:00.701953,Bike sales,Cluster,Cluster,Sidebar,COVID-19,1,1
o9J_ly0SnkM=,-MiwJiXKfcMYn1LQxAKu,2021-09-06 18:15:55.235883,Cold chain,Topic Task,Topic Task,Sidebar,COVID-19,1,1
o9J_ly0SnkM=,-MiwJiaGgTymHwrGwRZz,2021-09-06 18:15:55.235883,Pharmaceutical transport,Topic Task,Topic Task,Sidebar,COVID-19,1,0
o9J_ly0SnkM=,-MiwJieVhr2_oM30KAJF,2021-09-06 18:15:55.235883,Business Act On Climate Pledge,Topic Task,Topic Task,Sidebar,COVID-19,1,1
o9J_ly0SnkM=,-MiwKLxH6mE8nK0xCEbE,2021-09-06 18:18:40.791115,Ecotourism,Line,Line,Sidebar,COVID-19,1,0
o9J_ly0SnkM=,-MiwKM0-nf3O7Myj0sv0,2021-09-06 18:18:40.791115,Sustainable development goals,Line,Line,Sidebar,COVID-19,1,0
o9J_ly0SnkM=,-MiwM3J4jVZBENYFJJXI,2021-09-06 18:26:08.716619,Environmental racism,Note,Note,Sidebar,COVID-19,1,0
o9J_ly0SnkM=,-MiwMBDSk6jC7hVlDCKg,2021-09-06 18:26:41.135713,Indigenous people,Note,Note,Sidebar,COVID-19,1,0
o9J_ly0SnkM=,-MiwMBH2beuqchpbDqYi,2021-09-06 18:26:41.135713,Heritage conservation,Note,Note,Sidebar,COVID-19,1,0
o9J_ly0Snnk=,-Miw_Lc3Z16p23e3vqbi,2021-09-06 19:28:33.744215,Space race,Topic Task,Topic Task,Sidebar,Space Travel,1,0
o9J_ly0Snnk=,-Miw_LflB6KMMiB74zVH,2021-09-06 19:28:33.744215,Space X reusable rocket development,Topic Task,Topic Task,Sidebar,Space Travel,1,0
o9J_ly0Snnk=,-Miw_LjAewspbn8bAdU5,2021-09-06 19:28:33.744215,International Space Station,Topic Task,Topic Task,Sidebar,Space Travel,1,0
o9J_ly0Snnk=,-Miwa7KN_zr7AuVOoD_w,2021-09-06 19:31:57.342935,Blue Origin sub-orbital space tourism,Note,Note,Sidebar,Space Travel,1,0
o9J_ly0Snnk=,-Miwa7NgWElw1TQm9Dqh,2021-09-06 19:31:57.342935,Virgin Galactic sub-orbital space tourism,Note,Note,Sidebar,Space Travel,1,0
o9J_ly0Snnk=,-Miwam-_5VbAPAWu84cD,2021-09-06 19:34:48.049834,NASA's Commercial Crew Program,Note,Note,Sidebar,Space Travel,1,0
o9J_ly0Snnk=,-Miwam3LvQ7XZ3J1t382,2021-09-06 19:34:48.049834,Space exploration lost political support,Note,Note,Sidebar,Space Travel,1,1
o9J_ly0Snnk=,-MiwdLA_s2GFNTVs_D39,2021-09-06 19:46:00.499758,Moon Race,Note,Note,Sidebar,Space Travel,1,0
o9J_ly0Snnk=,-MiwdLFNbGyxi7ERsQXi,2021-09-06 19:46:00.499758,Artemis Program,Note,Note,Sidebar,Space Travel,1,1
o9J_ly0Snnk=,-MiwdLIdGr06CtBwF4A-,2021-09-06 19:46:00.499758,Artemis Program Lunar economy,Note,Note,Sidebar,Space Travel,1,1
o9J_ly0Snnk=,-Miwdt0dDIQCfWNnpiPb,2021-09-06 19:48:23.226903,China Aerospace Science and Technology Corportation,Note,Note,Sidebar,Space Travel,1,0
o9J_ly0Snnk=,-Miwdt4H-JCxm_SETNUK,2021-09-06 19:48:23.226903,China space station Tiangong-1,Note,Note,Sidebar,Space Travel,1,0
o9J_ly0Snnk=,-Miwe6RdiQoxKjV-_KWw,2021-09-06 19:49:22.300187,Aurora Station,Cluster Title,Cluster,Sidebar,Space Travel,1,0
o9J_ly0Snnk=,-Miwe6V7IjdJfl5e7aDp,2021-09-06 19:49:22.300187,Bigelow Aerospace,Cluster Title,Cluster,Sidebar,Space Travel,1,0
o9J_ly0Snnk=,-MiweQE0JOsBCRj0q2yX,2021-09-06 19:50:43.342315,International Telecommunications Union,Line,Line,Sidebar,Space Travel,1,0
o9J_ly0Snnk=,-MiweQHJGDItWarjkJJH,2021-09-06 19:50:43.342315,International Telecommunications Satellite Consortium,Line,Line,Sidebar,Space Travel,1,1
o9J_ly0Snnk=,-MiwfhL5INvGHMO-5owG,2021-09-06 19:56:19.678154,Space safety,Note,Note,Sidebar,Space Travel,1,0
o9J_ly0Snnk=,-MiwgDBQ7_PSKpmVQRlk,2021-09-06 19:58:34.225399,International Lunar Research Station,Cluster Title,Cluster,Sidebar,Space Travel,1,0
o9J_ly0Snnk=,-MiwgRFPZ6Bkfd6Kv4uQ,2021-09-06 19:59:31.831770,Climate Change,Topic Task,Topic Task,Sidebar,Space Travel,1,0
o9J_ly0Snnk=,-MiwhYVqb9rzVRMRKszk,2021-09-06 20:04:23.696995,Space-based solar power,Cluster Title,Cluster,Sidebar,Space Travel,1,1
o9J_ly0Snnk=,-MiwhfVL0NEht0v7-4Xq,2021-09-06 20:04:56.409536,Outer Space Treaty,Topic Task,Topic Task,Sidebar,Space Travel,1,0
o9J_ly0Snnk=,-MiwiLOb9-2-Vz6390kU,2021-09-06 20:07:52.126949,FAA Recommended Practices,Note,Note,Sidebar,Space Travel,1,1
o9J_ly0Snnk=,-MiwioMx-mbKrEHYfVRI,2021-09-06 20:09:54.107406,The Wolf Amendment,Note,Note,Sidebar,Space Travel,1,1
o9J_ly0SnuI=,-Miww5bXK5Qd0HWS3CeO,2021-09-06 21:07:57.490593,Air pollution,Topic Task,Topic Task,On Board,COVID-19,1,0
o9J_ly0SnuI=,-Miww5f5Yt0-T1fKx92P,2021-09-06 21:07:57.490593,Biomedical waste,Topic Task,Topic Task,On Board,COVID-19,1,1
o9J_ly0SnuI=,-MiwwW8YxKgGC_4dG3HT,2021-09-06 21:09:46.147790,Organic and inorganic pollutants,Topic Task,Topic Task,On Board,COVID-19,1,0
o9J_ly0SnuI=,-MiwxW3WKJkwlEbPWhVw,2021-09-06 21:14:07.991744,Plastic pollution,Cluster Title,Cluster,On Board,COVID-19,1,1
o9J_ly0SnuI=,-MiwyTZrLhPQTF0fUTLG,2021-09-06 21:18:19.927856,Recycling Programs,Cluster Title,Cluster,On Board,COVID-19,1,1
o9J_ly0SnuI=,-Miwz1iyccnKHMgyQwtl,2021-09-06 21:20:48.014804,Waste management policies,Cluster Title,Cluster,On Board,COVID-19,1,1
o9J_ly0SnuI=,-MiwzxuDP4MrA6QuBBzc,2021-09-06 21:24:50.400030,Tourism,Topic Task,Topic Task,On Board,COVID-19,1,0
o9J_ly0SnuI=,-MiwzxxkXkGgLWNL74T1,2021-09-06 21:24:50.400030,E-commerce,Topic Task,Topic Task,On Board,COVID-19,1,1
o9J_ly0SnuI=,-Miwzy02xxLviqEoqMor,2021-09-06 21:24:50.400030,Wildlife,Topic Task,Topic Task,On Board,COVID-19,1,1
o9J_ly0SnuI=,-Mix0TDVNPX2qu3MZOb0,2021-09-06 21:31:24.917484,Essential waste workers,Cluster Title,Cluster,On Board,COVID-19,1,0
o9J_ly0SnuI=,-Mix1lOq1duDUsv3dNqt,2021-09-06 21:37:05.616887,Road transport,Cluster Title,Cluster,On Board,COVID-19,1,0
o9J_ly0SnuI=,-Mix1lSPVi8UuPIwUnuD,2021-09-06 21:37:05.616887,Air transport,Cluster Title,Cluster,On Board,COVID-19,1,0
o9J_ly0SnuI=,-Mix1lW71ncPPMT5Zh3O,2021-09-06 21:37:05.616887,Soap discharge,Cluster Title,Cluster,On Board,COVID-19,1,0
o9J_ly0SnuI=,-Mix26fc88B142DUYVLN,2021-09-06 21:38:36.869771,Air pollution NO2,Cross-Pollination,Line,On Board,COVID-19,1,0
o9J_ly0SnuI=,-Mix26iubFLbbFgSqu3a,2021-09-06 21:38:36.869771,Ozone spikes,Cross-Pollination,Line,On Board,COVID-19,1,0
o9J_ly0SnuI=,-Mix2Lrycbkyvi-A1158,2021-09-06 21:39:39.092014,Wildlife conservation and management,Cluster Title,Cluster,On Board,COVID-19,0,0
o9J_ly0SnuI=,-Mix2LvJS9O12iuVtDCN,2021-09-06 21:39:39.092014,Illegal killing/poaching of wildlife,Cluster Title,Cluster,On Board,COVID-19,0,0
o9J_ly0SnuI=,-Mix3ZU1pmlylWzokNGs,2021-09-06 21:44:56.991152,Bike sales,Cluster Title,Cluster,On Board,COVID-19,0,0
o9J_ly0SnuI=,-Mix3wqS7HuhFC05KCPr,2021-09-06 21:46:36.789590,Oil and gas,Topic Task,Topic Task,On Board,COVID-19,0,0
o9J_ly0SnuI=,-Mix3wtwhXyA9a9EdORD,2021-09-06 21:46:36.789590,Steel industry,Topic Task,Topic Task,On Board,COVID-19,0,0
o9J_ly0SnuI=,-Mix4Af8X4lKRXQlRzL2,2021-09-06 21:47:37.513449,Soil pollution,Cluster Title,Cluster,On Board,COVID-19,1,1
o9J_ly0SnuI=,-Mix4AjHOemJxjOpcARd,2021-09-06 21:47:37.513449,Water pollution,Cluster Title,Cluster,On Board,COVID-19,1,1
o9J_ly0SnuI=,-Mix5HsRQXE9z9QfjrHC,2021-09-06 21:52:29.157448,Reduced fishing,Cross-Pollination,Line,On Board,COVID-19,0,0
o9J_ly0SnuI=,-Mix5HwDP0j9_e92HWsT,2021-09-06 21:52:29.157448,Reduced boat disturbance,Cross-Pollination,Line,On Board,COVID-19,0,0
o9J_lyGIeLY=,-Mj0kgR-VaoYLijNPrYM,2021-09-07 19:36:12.725980,Air pollution,Note,Note,On Board,COVID-19,1,0
o9J_lyGIeLY=,-Mj0kgUseH4Oaic_vhrH,2021-09-07 19:36:12.725980,Wildlife,Note,Note,On Board,COVID-19,1,0
o9J_lyGIeLY=,-Mj0kgYMRDcVcnyCCrbT,2021-09-07 19:36:12.725980,Tourism,Note,Note,On Board,COVID-19,1,0
o9J_lyGIeLY=,-Mj0lc6bR2Ys2TML-kNJ,2021-09-07 19:40:17.177687,Air pollution CO2,Note,Note,On Board,COVID-19,1,0
o9J_lyGIeLY=,-Mj0lcAYpbJouEkKAsJY,2021-09-07 19:40:17.177687,Air pollution NO2,Note,Note,On Board,COVID-19,1,0
o9J_lyGIeLY=,-Mj0lcEDwkJXNZ8X51Rw,2021-09-07 19:40:17.177687,Air pollution ozone spikes,Note,Note,On Board,COVID-19,1,0
o9J_lyGIeLY=,-Mj0mdKQInuSPHHFJnDb,2021-09-07 19:44:44.301209,Reduced boat disturbance,Note,Note,On Board,COVID-19,0,0
o9J_lyGIeLY=,-Mj0mdPBtz4fbfldAZTY,2021-09-07 19:44:44.301209,Road transport,Note,Note,On Board,COVID-19,0,0
o9J_lyGIeLY=,-Mj0nBSLr2qFSrhntziO,2021-09-07 19:47:08.173165,Municipal solid waste,Note,Note,On Board,COVID-19,0,0
o9J_lyGIeLY=,-Mj0nBW06Q7T3x30dX7J,2021-09-07 19:47:08.173165,Biomedical waste,Note,Note,On Board,COVID-19,0,0
o9J_lyGIeLY=,-Mj0nBZ_2I8fS_6r_oS1,2021-09-07 19:47:08.173165,Waste management policies,Note,Note,On Board,COVID-19,0,0
o9J_lyGIeLY=,-Mj0nZsHAf68kSh-3c4u,2021-09-07 19:48:48.199136,Ecotourism,Line,Line,On Board,COVID-19,1,0
o9J_lyGIeLY=,-Mj0p11IA6PAZnoC09fw,2021-09-07 19:55:09.766032,NO2 and biomass,Line,Line,On Board,COVID-19,1,0
o9J_lyGIeLY=,-Mj0qEk-oSmf5NMU7Ds_,2021-09-07 20:00:28.087533,Cold chain,Line,Line,On Board,COVID-19,1,0
o9J_lyGIeLY=,-Mj0qEnkM8g6YKbxCK2B,2021-09-07 20:00:28.087533,Pharmaceutical transport,Line,Line,On Board,COVID-19,1,0
o9J_lyGIeLY=,-Mj0qErC_wHIAEDuQcvq,2021-09-07 20:00:28.087533,Air pollution Chlorofluorocarbons,Line,Line,On Board,COVID-19,1,0
o9J_lyGIeLY=,-Mj0rQyS411tt4F549na,2021-09-07 20:05:40.299183,Oil and gas,Note,Note,On Board,COVID-19,0,0
o9J_lyGIeLY=,-Mj0rR1FYq2UlK1-ci5t,2021-09-07 20:05:40.299183,Nuclear energy,Note,Note,On Board,COVID-19,0,0
o9J_lyGIeLY=,-Mj0t0MSP2iEifKqlvAI,2021-09-07 20:12:35.603564,Illegal killing/poaching of wildlife,Note,Note,On Board,COVID-19,0,0
o9J_lyGIeLY=,-Mj0t0Pe3EHNIWUr1mf8,2021-09-07 20:12:35.603564,Wildlife conservation and management,Note,Note,On Board,COVID-19,0,0
o9J_lyGIeLY=,-Mj0twREC9r_aGw440cG,2021-09-07 20:16:37.574881,Environmental racism,Note,Note,On Board,COVID-19,0,0
o9J_lyGIeLY=,-Mj0twUiX9DfH58LUepj,2021-09-07 20:16:37.574881,Sustainable development goals,Note,Note,On Board,COVID-19,0,0
o9J_lyGIeLY=,-Mj0uBbbZbNNyPA8lbR9,2021-09-07 20:17:43.836227,Business Act on Climate Pledge,Note,Note,On Board,COVID-19,0,0
o9J_lyGIfks=,-Mj6Y2sb-_Ve9dPqbZ3l,2021-09-08 22:34:22.068770,Space race,Note,Note,Sidebar,COVID-19,1,0
o9J_lyGIfks=,-Mj6Y2wj8zOXylgVBFpq,2021-09-08 22:34:22.068770,Cold War,Note,Note,Sidebar,COVID-19,1,0
o9J_lyGIfks=,-Mj6Y3-HIk697jyVgwsi,2021-09-08 22:34:22.068770,Outer Space Treaty,Note,Note,Sidebar,COVID-19,1,0
o9J_lyGIfks=,-Mj6YdEzRkTifEztXbMQ,2021-09-08 22:36:55.123698,Nazi Germany,Note,Note,Sidebar,COVID-19,1,0
o9J_lyGIfks=,-Mj6YdJyrPpgvF4ZyyI5,2021-09-08 22:36:55.123698,NASA's Commercial Crew Program,Note,Note,Sidebar,COVID-19,1,0
o9J_lyGIfks=,-Mj6Yg7BRlV6xijmiUsf,2021-09-08 22:37:06.890167,Space X reusable rocket development,Note,Note,Sidebar,COVID-19,1,0
o9J_lyGIfks=,-Mj6ZjVueK3Ct1CNi7YP,2021-09-08 22:41:42.922076,Space exploration lost political support,Note,Note,Sidebar,COVID-19,1,1
o9J_lyGIfks=,-Mj6ZjZfYUkdvy8D6peh,2021-09-08 22:41:42.922076,NASA's budget peaked during Apollo program,Note,Note,Sidebar,COVID-19,1,0
o9J_lyGIfks=,-Mj6_uG6s6SQj7oC3Vwi,2021-09-08 22:46:49.105810,U.S Commercial Space Launch Competitiveness Act,Line,Line,Sidebar,COVID-19,1,0
o9J_lyGIfks=,-Mj6ahycAmXgI_q-0n0I,2021-09-08 22:50:20.923218,Space hotels,Note,Note,Sidebar,COVID-19,1,0
o9J_lyGIfks=,-Mj6ai10jfV1uPW7KatO,2021-09-08 22:50:20.923218,Asteroid mining,Note,Note,Sidebar,COVID-19,1,1
o9J_lyGIfks=,-Mj6cgxykKbsakd9dKqT,2021-09-08 22:59:01.065038,Artemis Program,Line,Line,Sidebar,COVID-19,1,0
o9J_lyGIfks=,-Mj6ch0z0Npq7fEYNCde,2021-09-08 22:59:01.065038,Lunar economy,Line,Line,Sidebar,COVID-19,1,0
o9J_lyGIfks=,-Mj6ch4xRQ9vWTy0XAKY,2021-09-08 22:59:01.065038,Helium 3,Line,Line,Sidebar,COVID-19,1,0
o9J_lyGIfks=,-Mj6dE0QCMstjb8QL3Ha,2021-09-08 23:01:20.544210,China Aerospace Science and Technology Corportation,Note,Note,Sidebar,COVID-19,1,1
o9J_lyGIfks=,-Mj6dE4SYJn8xeU3MLxT,2021-09-08 23:01:20.544210,European Space Agency,Note,Note,Sidebar,COVID-19,1,0
o9J_lyGIfks=,-Mj6dE8F0KZod-ny-AN3,2021-09-08 23:01:20.544210,Soviet space station Salyut,Note,Note,Sidebar,COVID-19,1,1
o9J_lyGIfks=,-Mj6e29ESagNPvh3ux0u,2021-09-08 23:04:54.110091,The Wolf Amendment,Line,Line,Sidebar,COVID-19,1,0
o9J_lyGIfks=,-Mj6ecAj9ugSBQQcxCXD,2021-09-08 23:07:25.773209,Climate Change rocket emissions,Note,Note,Sidebar,COVID-19,1,0
o9J_lyGIfzA=,-Mj6ror7TjtdwJRJaH1Z,2021-09-09 00:05:05.549667,Cold War,Topic Task,Topic Task,Sidebar,Space Travel,1,0
o9J_lyGIfzA=,-Mj6rouQ8JlCJI5NMRXn,2021-09-09 00:05:05.549667,Space race,Topic Task,Topic Task,Sidebar,Space Travel,1,0
o9J_lyGIfzA=,-Mj6royH8wblwFudIAa-,2021-09-09 00:05:05.549667,Outer Space Treaty,Topic Task,Topic Task,Sidebar,Space Travel,1,1
o9J_lyGIfzA=,-Mj6wnjOw8fiI269mcif,2021-09-09 00:26:51.688069,NASA's Commercial Crew Program,Topic Task,Topic Task,Sidebar,Space Travel,1,0
o9J_lyGIfzA=,-Mj6wnnKhCy9C6YC65vQ,2021-09-09 00:26:51.688069,Space X reusable rocket development,Topic Task,Topic Task,Sidebar,Space Travel,1,0
o9J_lyGIfzA=,-Mj6xzCRDih4sM-Oo94c,2021-09-09 00:32:00.810076,Space hotels,Note,Note,Sidebar,Space Travel,1,0
o9J_lyGIfzA=,-Mj6xzG3vhuqwg6eyOBd,2021-09-09 00:32:00.810076,Aurora Station,Note,Note,Sidebar,Space Travel,1,0
o9J_lyGIfzA=,-Mj6xzJbJd3lq1P3T7ig,2021-09-09 00:32:00.810076,Bigelow Aerospace,Note,Note,Sidebar,Space Travel,1,1
o9J_lyGIfzA=,-Mj6ynh2IBq7arzv6Wag,2021-09-09 00:35:35.823287,Climate Change rocket emissions,Line,Line,Sidebar,Space Travel,1,0
o9J_lyGIfzA=,-Mj6ynkcAMJN2Q4PZAqL,2021-09-09 00:35:35.823287,Climate Change ozone layer depletion,Line,Line,Sidebar,Space Travel,1,0
o9J_lyGIfzA=,-Mj7-86NxWjQbRLNdEYH,2021-09-09 00:41:25.664251,U.S. Commercial Space Launch Competitiveness Act,Topic Task,Topic Task,Sidebar,Space Travel,1,1
o9J_lyGIfzA=,-Mj7-8A9EvL4Kow56QwZ,2021-09-09 00:41:25.664251,International Space Station,Topic Task,Topic Task,Sidebar,Space Travel,1,0
o9J_lyGIfzA=,-Mj7-8DlXUYU-sYINF2L,2021-09-09 00:41:25.664251,China Aerospace Science and Technology Corportation,Topic Task,Topic Task,Sidebar,Space Travel,1,0
o9J_lyGIfzA=,-Mj7-eY4e9cknqfNXaCW,2021-09-09 00:43:42.598292,Artemis Program Lunar economy,Topic Task,Topic Task,Sidebar,Space Travel,0,0
o9J_lyGIfzA=,-Mj7-xc1VGK173ElAEKX,2021-09-09 00:45:00.716491,Space exploration lost political support,Topic Task,Topic Task,Sidebar,Space Travel,0,0
o9J_lyYiAJ0=,-MjAhhmZD1wi3devbJxO,2021-09-09 17:59:24.034309,Wildlife,Topic Task,Topic Task,Sidebar,COVID-19,1,1
o9J_lyYiAJ0=,-MjAhhqunOXLLKcossj8,2021-09-09 17:59:24.034309,Tourism,Topic Task,Topic Task,Sidebar,COVID-19,1,1
o9J_lyYiAJ0=,-MjAhhuaJ6a3vJNvZie-,2021-09-09 17:59:24.034309,E-commerce,Topic Task,Topic Task,Sidebar,COVID-19,1,1
o9J_lyYiAJ0=,-MjAjjafsr0YghjkfcoJ,2021-09-09 18:08:15.750847,Air pollution ozone spikes,Line,Line,Sidebar,COVID-19,1,1
o9J_lyYiAJ0=,-MjAjjeu_hCgACY5t3O9,2021-09-09 18:08:15.750847,Air pollution NO2,Line,Line,Sidebar,COVID-19,1,1
o9J_lyYiAJ0=,-MjAjoYJs2sUR9JlKjY_,2021-09-09 18:08:36.013789,Ecotourism,Note,Note,Sidebar,COVID-19,1,0
o9J_lyYiAJ0=,-MjAjy3e1m8BGxcsx6ls,2021-09-09 18:09:15.006079,Biomedical waste,Note,Note,Sidebar,COVID-19,1,0
o9J_lyYiAJ0=,-MjAjy7G-J2PdvEuMmsY,2021-09-09 18:09:15.006079,Waste management policies,Note,Note,Sidebar,COVID-19,1,1
o9J_lyYiAJ0=,-MjAl73LIdJZa5n43De9,2021-09-09 18:14:18.081167,Heritage conservation,Note,Note,Sidebar,COVID-19,1,1
o9J_lyYiAJ0=,-MjAl76yvXjejZxToFrC,2021-09-09 18:14:18.081167,Indigenous people,Note,Note,Sidebar,COVID-19,1,1
o9J_lyYiAJ0=,-MjAlmqej_VYgZiYdtAU,2021-09-09 18:17:13.357493,Essential waste workers,Note,Note,Sidebar,COVID-19,1,0
o9J_lyYiAJ0=,-MjAlwf6zOf-xWZirmKW,2021-09-09 18:17:53.563271,Pharmaceutical transport,Topic Task,Topic Task,Sidebar,COVID-19,1,1
o9J_lyYiAJ0=,-MjAlwif7smLAihTXDGm,2021-09-09 18:17:53.563271,Business Act on Climate Pledge,Topic Task,Topic Task,Sidebar,COVID-19,1,0
o9J_lyYiAJ0=,-MjAmWcIP6aQdLprOUJt,2021-09-09 18:20:24.939599,Deforestation,Note,Note,Sidebar,COVID-19,1,0
o9J_lyYiAJ0=,-MjAmd9nQQJnBSumlRsG,2021-09-09 18:20:55.816208,Bike sales,Note,Note,Sidebar,COVID-19,1,0
o9J_lyYiAJ0=,-MjAn3S4bGPzWVq-UGfO,2021-09-09 18:22:47.577621,Illegal killing/poaching of wildlife,Note,Note,Sidebar,COVID-19,1,0
o9J_lyYiALM=,-MjUyxE2CUaaHThr_T0m,2021-09-13 16:27:08.038263,Blue Origin sub-orbital space tourism,Note,Note,On Board,Space Travel,1,0
o9J_lyYiALM=,-MjUyxHqn3BxEhogZMg6,2021-09-13 16:27:08.038263,Virgin Galactic sub-orbital space tourism,Note,Note,On Board,Space Travel,1,0
o9J_lyYiALM=,-MjUz-smgKer6jxwW0_I,2021-09-13 16:27:23.020499,Space X reusable rocket development,Note,Note,On Board,Space Travel,1,0
o9J_lyYiALM=,-MjUzC3z0tzTjbFW3eb_,2021-09-13 16:28:12.942504,Space hotels,Note,Note,On Board,Space Travel,1,0
o9J_lyYiALM=,-MjUzMIlrs0nWB8ezVUl,2021-09-13 16:28:54.844941,International Lunar Research Station,Note,Note,On Board,Space Travel,1,0
o9J_lyYiALM=,-MjUzSCBPJx-CpyiTc2v,2021-09-13 16:29:19.014884,Outer Space Treaty,Topic Task,Topic Task,On Board,Space Travel,1,1
o9J_lyYiALM=,-MjUzSFgLW9YNP_gFGkS,2021-09-13 16:29:19.014884,Climate Change rocket emissions,Topic Task,Topic Task,On Board,Space Travel,1,1
o9J_lyYiALM=,-MjV-C1bBNQXeIF4i25L,2021-09-13 16:32:34.932540,Space-based solar power,Note,Note,On Board,Space Travel,1,0
o9J_lyYiALM=,-MjV-Uix0tRXtSqF3uZA,2021-09-13 16:33:51.498535,U.S Commercial Space Launch Competitiveness Act,Note,Note,On Board,Space Travel,1,1
o9J_lyYiALM=,-MjV0eM2HM_oI083T2Sv,2021-09-13 16:38:57.169211,Space exploration lost political support,Cross-Pollination,Line,On Board,Space Travel,1,1
o9J_lyYiALM=,-MjV0ePMpiYWFx7Hw1k6,2021-09-13 16:38:57.169211,NASA's Commercial Crew Program,Cross-Pollination,Line,On Board,Space Travel,1,0
o9J_lyYiALM=,-MjV1ajsk-OcxYUtAekO,2021-09-13 16:43:04.513830,Satellite communication homeland defense,Cross-Pollination,Line,On Board,Space Travel,1,0
o9J_lyYiALM=,-MjV1anTkBoLeuU7eEQM,2021-09-13 16:43:04.513830,International Maritime Satellite Organization,Cross-Pollination,Line,On Board,Space Travel,1,0
o9J_lyYiALM=,-MjV1aqqcYC09M-L9r1O,2021-09-13 16:43:04.513830,The Wolf Amendment,Cross-Pollination,Line,On Board,Space Travel,1,0
o9J_lyYiALM=,-MjV4PQkL7nwVmeXK-1i,2021-09-13 16:55:20.429557,China space station Tiangong-1,Cluster Title,Cluster,On Board,Space Travel,1,0
o9J_lyYiALM=,-MjV4PUpVvE9JG165K1Y,2021-09-13 16:55:20.429557,Russian Federal Space Agency (Roskosmos),Cluster Title,Cluster,On Board,Space Travel,1,0
o9J_lyYiALM=,-MjV4PY7ZeuolHJaukA1,2021-09-13 16:55:20.429557,European Space Agency,Cluster Title,Cluster,On Board,Space Travel,1,0
o9J_lyYiALM=,-MjV4fGI1LwHFMzaBBTL,2021-09-13 16:56:29.460846,Committee on the Peaceful Uses of Outer Space,Cluster Title,Cluster,On Board,Space Travel,1,0
o9J_lyYiALM=,-MjV51csiC18gXCUn3ek,2021-09-13 16:58:05.183949,Asteroid mining,Cluster Title,Cluster,On Board,Space Travel,1,0
o9J_lyYiALM=,-MjV51gnKyYZ7W7tuv1a,2021-09-13 16:58:05.183949,Satellite mass production,Cluster Title,Cluster,On Board,Space Travel,1,0
o9J_lyYiALM=,-MjV5KHhGDAMW9K28cgo,2021-09-13 16:59:21.583677,Space safety,Topic Task,Topic Task,On Board,Space Travel,1,1
o9J_lyYiALM=,-MjV5anznfsVseRNwbN4,2021-09-13 17:00:33.339196,Artemis Program Lunar economy,Cross-Pollination,Line,On Board,Space Travel,1,0
o9J_lyYiALM=,-MjV63fgTT-lPPLUth5x,2021-09-13 17:02:35.695219,FAA Recommended Practices,Cluster Title,Cluster,On Board,Space Travel,1,0
o9J_lyYiALM=,-MjV63jS2oySKVIsIOo3,2021-09-13 17:02:35.695219,National Environmental Policy and Clean Air,Cluster Title,Cluster,On Board,Space Travel,1,0
o9J_lyYiALM=,-MjV7CzwG9o9WTnVLxFu,2021-09-13 17:07:35.997514,Cybersecurity threats in space,Cluster Title,Cluster,On Board,Space Travel,1,1
o9J_lzYgHyw=,-MigUgFnDHiTt7DFGyV9,2021-09-03 16:29:53.970253,Space X reusable rocket development,Note,Note,Sidebar,Space Travel,1,1
o9J_lzYgHyw=,-MigUqDEWE2TFep9gDXy,2021-09-03 16:30:34.831518,Cold War,Note,Note,Sidebar,Space Travel,1,0
o9J_lzYgHyw=,-MigUqGwMeEYC3JrIiJN,2021-09-03 16:30:34.831518,Space Race,Note,Note,Sidebar,Space Travel,1,0
o9J_lzYgHyw=,-MigUqN1hWmq4zMwphbI,2021-09-03 16:30:34.831518,International Space Station,Note,Note,Sidebar,Space Travel,1,0
o9J_lzYgHyw=,-MigVC545ofJCmKc_Og-,2021-09-03 16:32:08.507110,Space hotels,Note,Note,Sidebar,Space Travel,1,0
o9J_lzYgHyw=,-MigVC8vKEMW0t51Pi6y,2021-09-03 16:32:08.507110,Blue Origin sub-orbital space tourism,Note,Note,Sidebar,Space Travel,1,0
o9J_lzYgHyw=,-MigVx6dchsvcB9sIyjE,2021-09-03 16:35:25.223498,Aurora Station,Line,Line,Sidebar,Space Travel,1,0
o9J_lzYgHyw=,-MigVxABoQ3eTAj_j92q,2021-09-03 16:35:25.223498,Bigelow Aerospace,Line,Line,Sidebar,Space Travel,1,0
o9J_lzYgHyw=,-MigXCzGXwbpGxitOTap,2021-09-03 16:40:56.474888,Space X Dragon Capsule,Line,Line,Sidebar,Space Travel,1,0
o9J_lzYgHyw=,-MigXD24jL56FEW8uxRc,2021-09-03 16:40:56.474888,Space X Falcon Heavy,Line,Line,Sidebar,Space Travel,1,0
o9J_lzYgHyw=,-MigY-36BxkmPju3Xb8l,2021-09-03 16:44:21.589682,NASA's Commerical Crew Program,Note,Note,Sidebar,Space Travel,1,0
o9J_lzYgHyw=,-MigY-6m0tDvAx5PJtWK,2021-09-03 16:44:21.589682,China Aerospace Science and Technology Corportation,Note,Note,Sidebar,Space Travel,1,0
o9J_lzYgHyw=,-MigZz0CSknC52vuM-jp,2021-09-03 16:53:01.594297,International Telecommunications Union,Line,Line,Sidebar,Space Travel,1,1
o9J_lzYgHyw=,-MigZz3zNj8iz3N4yQ3i,2021-09-03 16:53:01.594297,International Telecommunications Satellite Consortium,Line,Line,Sidebar,Space Travel,1,1
o9J_lzYgHyw=,-Miga4E0ouINv2B8I5HQ,2021-09-03 16:57:49.191778,Climate Change rocket emissions,Line,Line,Sidebar,Space Travel,1,0
o9J_lzYgHyw=,-Miga4KtYuzKoAnDUN1Z,2021-09-03 16:57:49.191778,Climate Change ozone layer depletion,Line,Line,Sidebar,Space Travel,1,1
o9J_lzYgHyw=,-MigbFcIOP6C9Tc5bzgc,2021-09-03 17:02:57.999639,Outer Space Treaty,Note,Note,Sidebar,Space Travel,1,1
o9J_lzYgHyw=,-MigbNK-srOEgie0_x_H,2021-09-03 17:03:29.544661,Cybersecurity Threats in Space,Line,Line,Sidebar,Space Travel,1,0
o9J_lzYgHyw=,-MigcTJwQALXC2PeCK8x,2021-09-03 17:08:16.253991,The Wolf Amendment,Line,Line,Sidebar,Space Travel,1,1
o9J_lzYgHyw=,-MigdJd0fSlXAJzX5Xom,2021-09-03 17:11:58.716896,Space safety,Note,Note,Sidebar,Space Travel,1,0
o9J_lzYgHyw=,-MigdsIc6JwsBb6FMyps,2021-09-03 17:14:24.812279,Artemis Program Lunar economy,Note,Note,Sidebar,Space Travel,1,0
o9J_lzYurAk=,-MigwfVpbJXkliferlFD,2021-09-03 18:36:33.149321,Tourism,Note,Note,On Board,COVID-19,1,0
o9J_lzYurAk=,-MigwfZPpuy0SOuzJVBt,2021-09-03 18:36:33.149321,Biomedical waste,Note,Note,On Board,COVID-19,1,1
o9J_lzYurAk=,-MigxHr1YAyKeaSfWddh,2021-09-03 18:39:14.318105,Power Industry,Note,Note,On Board,COVID-19,1,0
o9J_lzYurAk=,-MigxHvMpvQCsFKGQMK8,2021-09-03 18:39:14.318105,Steel industry,Note,Note,On Board,COVID-19,1,0
o9J_lzYurAk=,-MigxHzKh3WpZTTIK731,2021-09-03 18:39:14.318105,Oil and gas,Note,Note,On Board,COVID-19,1,0
o9J_lzYurAk=,-MigxhrWy7C_zWr4QgVE,2021-09-03 18:41:04.959864,E-commerce,Note,Note,On Board,COVID-19,1,0
o9J_lzYurAk=,-Migy-xn2aybJuZuhJK6,2021-09-03 18:42:23.168153,Pharmeceutical transport,Line,Line,On Board,COVID-19,1,1
o9J_lzYurAk=,-Migy00X6qujXy67UrX0,2021-09-03 18:42:23.168153,Air pollution,Line,Line,On Board,COVID-19,1,1
o9J_lzYurAk=,-Migy09Xc5ixKughrBsv,2021-09-03 18:42:23.168153,Plastic pollution,Line,Line,On Board,COVID-19,1,1
o9J_lzYurAk=,-MigykL7rwmxHsw_3KO5,2021-09-03 18:45:37.240507,Sustainable development goals,Line,Line,On Board,COVID-19,0,0
o9J_lzYurAk=,-MigykP9XrppoOfZ1SZo,2021-09-03 18:45:37.240507,Paris agreement,Line,Line,On Board,COVID-19,0,0
o9J_lzYurAk=,-Mih-zfR3oMdo9Q_wx3o,2021-09-03 18:55:24.331262,Water pollution,Cluster Title,Cluster,On Board,COVID-19,1,0
o9J_lzYurAk=,-Mih-zj9AoEDegCv39lC,2021-09-03 18:55:24.331262,Municipal solid waste,Cluster Title,Cluster,On Board,COVID-19,1,1
o9J_lzYurAk=,-Mih-zmaWyRfR5RF5FO7,2021-09-03 18:55:24.331262,Recycling Programs,Cluster Title,Cluster,On Board,COVID-19,1,1
o9J_lzYurAk=,-Mih1vjJY71Mn39HHWFq,2021-09-03 19:03:52.483334,Road transport,Cross-Pollination,Line,On Board,COVID-19,0,0
o9J_lzYurAk=,-Mih1vmn3_9YAKjIkGDI,2021-09-03 19:03:52.483334,Cold chain,Cross-Pollination,Line,On Board,COVID-19,0,0
o9J_lzYurAk=,-Mih1vqQa8MQTJnd9AvI,2021-09-03 19:03:52.483334,Bike sales,Cross-Pollination,Line,On Board,COVID-19,0,0
o9J_lzYurAk=,-Mih2Tsa2OIqatp1lQlk,2021-09-03 19:06:16.436916,Environmental racism,Note,Note,On Board,COVID-19,1,0
o9J_lzYurAk=,-Mih2TwKWiUu5-wfWW5N,2021-09-03 19:06:16.436916,Wildlife,Note,Note,On Board,COVID-19,1,0
